time,open,close,high,low,volume,Unnamed: 0
1666264980000,1.0984,1.0984,1.0984,1.0984,0.26226183,0.0
1666270500000,1.0892,1.0892,1.0892,1.0892,0.33224673,1.0
1666273380000,1.086,1.086,1.086,1.086,0.10516079,2.0
1666275840000,1.0918,1.0918,1.0918,1.0918,0.04507714,3.0
1666298760000,1.0884,1.0884,1.0884,1.0884,1.78320831,4.0
1666299780000,1.0837,1.0837,1.0837,1.0837,0.68176388,5.0
1666300860000,1.0901,1.0901,1.0901,1.0901,0.11659773,6.0
1666303380000,1.0916,1.0916,1.0916,1.0916,0.03481551,7.0
1666346580000,1.0678,1.0678,1.0678,1.0678,0.08647505,8.0
1666349160000,1.062,1.062,1.062,1.062,0.54622569,9.0
1666447860000,1.0955,1.0955,1.0955,1.0955,0.5904533,10.0
1666448220000,1.0955,1.0955,1.0955,1.0955,0.36496866,11.0
1666450080000,1.0905,1.0905,1.0905,1.0905,0.14594499,12.0
1666459200000,1.0835,1.0835,1.0835,1.0835,0.35457705,13.0
1666462200000,1.0822,1.0822,1.0822,1.0822,0.04445265,14.0
1666464360000,1.0854,1.0854,1.0854,1.0854,0.15817329,15.0
1666465140000,1.0854,1.0854,1.0854,1.0854,0.37587362,16.0
1666608180000,1.0704,1.0704,1.0704,1.0704,0.5871726,17.0
1666677120000,1.0863,1.0863,1.0863,1.0863,0.02159473,18.0
1666678380000,1.0846,1.0846,1.0846,1.0846,0.05316206,19.0
1666732080000,1.114,1.114,1.114,1.114,2.20164145,20.0
1666733580000,1.1161,1.1161,1.1161,1.1161,0.89431912,21.0
1666759080000,1.1359,1.1359,1.1359,1.1359,0.34983254,22.0
1666761120000,1.1301,1.1301,1.1301,1.1301,1.17642143,23.0
1666855260000,1.2393,1.2371,1.2393,1.2371,6.50203385,24.0
1666857180000,1.2358,1.2358,1.2358,1.2358,0.48600927,25.0
1666860480000,1.2215,1.2215,1.2215,1.2215,0.10128914,26.0
1666861320000,1.2231,1.2231,1.2231,1.2231,0.04114422,27.0
1667064060000,1.2447,1.2447,1.2447,1.2447,0.21832774,28.0
1667064300000,1.2441,1.2441,1.2441,1.2441,0.58661936,29.0
1667162760000,1.3284,1.3284,1.3284,1.3284,1.9093312,30.0
1667169240000,1.2849,1.283,1.2849,1.283,5.1301344,31.0
1667227020000,1.3157,1.3157,1.3157,1.3157,31.01517859,32.0
1667227140000,1.3385,1.3385,1.3385,1.3385,0.17808259,33.0
1667228340000,1.3381,1.3381,1.3381,1.3381,0.47848567,34.0
1667327280000,1.2817,1.2817,1.2817,1.2817,2.99092201,35.0
1667335560000,1.2427,1.2427,1.2427,1.2427,0.38173496,36.0
1667338980000,1.2309,1.2309,1.2309,1.2309,0.05243811,37.0
1667365680000,1.1955,1.1955,1.1955,1.1955,8.52083629,38.0
1667366460000,1.204,1.204,1.204,1.204,0.10339986,39.0
1667368440000,1.2049,1.2049,1.2049,1.2049,0.05268983,40.0
1667375880000,1.1921,1.1921,1.1921,1.1921,0.37514418,41.0
1667441100000,1.1801,1.1739,1.1801,1.1739,77.74050851,42.0
1667441160000,1.1623,1.1617,1.1623,1.1617,9.16,43.0
1667446920000,1.1909,1.1909,1.1909,1.1909,0.17996469,44.0
1667452500000,1.1974,1.1974,1.1974,1.1974,2.00689925,45.0
1667469900000,1.2795,1.3115,1.3115,1.2795,51.62995755,46.0
1667470680000,1.2755,1.2755,1.2755,1.2755,2.3439947,47.0
1667472300000,1.4013,1.4003,1.4013,1.4003,6.29802092,48.0
1667474940000,1.4247,1.4222,1.4247,1.4222,7.19594557,49.0
1667475240000,1.4321,1.4321,1.4321,1.4321,3.7076,50.0
1667475300000,1.4502,1.4502,1.4502,1.4502,29.64709766,51.0
1667476080000,1.4287,1.4287,1.4287,1.4287,1.31356046,52.0
1667477880000,1.4941,1.4941,1.4941,1.4941,3.16706427,53.0
1667497080000,1.4545,1.4545,1.4545,1.4545,0.53466491,54.0
1667506980000,1.4413,1.4413,1.4413,1.4413,1.15145252,55.0
1667509440000,1.4443,1.4443,1.4443,1.4443,0.1867214,56.0
1667514180000,1.4088,1.4088,1.4088,1.4088,0.67377024,57.0
1667521380000,1.4019,1.4019,1.4019,1.4019,0.86556037,58.0
1667535000000,1.4399,1.4399,1.4399,1.4399,0.42796289,59.0
1667539860000,1.4872,1.4872,1.4872,1.4872,0.72534888,60.0
1667541120000,1.4742,1.4742,1.4742,1.4742,1.32385396,61.0
1667547600000,1.4789,1.4789,1.4789,1.4789,0.05493635,62.0
1667554380000,1.4959,1.4959,1.4959,1.4959,0.26776717,63.0
1667556720000,1.5409,1.5409,1.5409,1.5409,0.11349044,64.0
1667557440000,1.5275,1.5275,1.5275,1.5275,0.30493463,65.0
1667643660000,1.6315,1.6315,1.6315,1.6315,2.06734643,66.0
1667643840000,1.6292,1.6001,1.6292,1.6001,5.554701570000001,67.0
1667650440000,1.6247,1.6247,1.6247,1.6247,1.11323156,68.0
1667651940000,1.6155,1.6155,1.6155,1.6155,2.34257489,69.0
1667670780000,1.5539,1.5539,1.5539,1.5539,11.60546047,70.0
1667673780000,1.5355,1.5355,1.5355,1.5355,11.60546047,71.0
1667682360000,1.5433,1.5433,1.5433,1.5433,0.07613879,72.0
1667684400000,1.542,1.542,1.542,1.542,0.34444175,73.0
1667814000000,1.4209,1.4209,1.4209,1.4209,0.12470974,74.0
1667815380000,1.4102,1.4102,1.4102,1.4102,0.52114007,75.0
1667936100000,1.1231,1.1231,1.1231,1.1231,4.731,76.0
1667936340000,1.1639,1.1639,1.1639,1.1639,0.26987304,77.0
1667936400000,1.1658,1.1658,1.1658,1.1658,0.68660259,78.0
1668021720000,1.0628,1.0628,1.0628,1.0628,0.19433296,79.0
1668021900000,1.0679,1.0679,1.0679,1.0679,3.20057872,80.0
1668026940000,1.0742,1.0742,1.0742,1.0742,4.9196,81.0
1668029460000,0.9952,0.9911,0.9952,0.9911,7.88409025,82.0
1668030540000,1.0128,1.0128,1.0128,1.0128,33.69720591,83.0
1668030600000,1.0252,1.0255,1.0255,1.0252,33.69857294,84.0
1668030780000,1.0275,1.0275,1.0275,1.0275,10.5537,85.0
1668030840000,1.0294,1.0294,1.0294,1.0294,5.1422,86.0
1668031020000,1.04,1.04,1.04,1.04,0.67242627,87.0
1668037440000,1.0691,1.0691,1.0691,1.0691,0.35009998,88.0
1668062280000,1.1912,1.1894,1.1912,1.1894,4.90976,89.0
1668069840000,1.1666,1.1666,1.1666,1.1666,4.18554843,90.0
1668070260000,1.178,1.178,1.178,1.178,9.36667556,91.0
1668089400000,1.2632,1.2623,1.2632,1.2623,4.28274311,92.0
1668090780000,1.2558,1.2558,1.2558,1.2558,0.34078929,93.0
1668092700000,1.2704,1.2704,1.2704,1.2704,0.0236333,94.0
1668093000000,1.2846,1.2846,1.2846,1.2846,1.87902316,95.0
1668093480000,1.2814,1.2814,1.2814,1.2814,0.83965143,96.0
1668276900000,1.1359,1.1359,1.1359,1.1359,0.26305573,97.0
1668281280000,1.1482,1.1482,1.1482,1.1482,0.7974141,
1668287760000,1.1398,1.1398,1.1398,1.1398,0.1231239,
1668289980000,1.1322,1.1322,1.1322,1.1322,3.15710467,
1668296820000,1.1112,1.1112,1.1112,1.1112,0.25676987,
1668301620000,1.1413,1.1413,1.1413,1.1413,0.17144789,
1668448860000,1.1046,1.1046,1.1046,1.1046,0.24923449,
1668450660000,1.1116,1.1116,1.1116,1.1116,0.03620234,
1668505140000,1.1574,1.1574,1.1574,1.1574,6.25480159,
1668528780000,1.1892,1.1892,1.1892,1.1892,0.60647134,
1668529140000,1.1894,1.1894,1.1894,1.1894,0.88457405,
1668529740000,1.1837,1.1837,1.1837,1.1837,0.39527659,
1668539220000,1.1435,1.1435,1.1435,1.1435,0.19381128,
1668539520000,1.1521,1.1521,1.1521,1.1521,0.42748944,
1668653880000,1.1093,1.1093,1.1093,1.1093,0.41589073,
1668668280000,1.1078,1.1078,1.1078,1.1078,0.10097534,
1668673080000,1.1111,1.1111,1.1111,1.1111,0.48687781,
1668793320000,1.0996,1.0996,1.0996,1.0996,0.02411303,
1668904800000,1.1569,1.1563,1.1569,1.1563,0.004,
1668904860000,1.1563,1.1563,1.1563,1.1563,0.001,
1668907860000,1.1514,1.1514,1.1514,1.1514,1.49579632,
1668923040000,1.1461,1.1461,1.1461,1.1461,3.34738423,
1669140180000,1.1563,1.1563,1.1563,1.1563,0.20471286,
1669140420000,1.1611,1.1611,1.1611,1.1611,0.49499253,
1669178700000,1.2352,1.2352,1.2352,1.2352,4.49280285,
1669192140000,1.2432,1.2432,1.2432,1.2432,2.11997768,
1669193160000,1.2506,1.2506,1.2506,1.2506,0.63327038,
1669200240000,1.2373,1.2373,1.2373,1.2373,0.00575643,
1669203060000,1.2352,1.2352,1.2352,1.2352,0.02140881,
1669207320000,1.214,1.214,1.214,1.214,0.32023806,
1669212420000,1.205,1.205,1.205,1.205,0.07342536,
1669383420000,1.2018,1.2018,1.2018,1.2018,0.0183335,
1669384740000,1.2018,1.2018,1.2018,1.2018,0.00758214,
1669570920000,1.2994,1.2994,1.2994,1.2994,2.16639019,
1669581600000,1.2973,1.2973,1.2973,1.2973,0.07176599,
1669586760000,1.2973,1.2973,1.2973,1.2973,0.27912817,
1669645680000,1.3356,1.3356,1.3356,1.3356,0.33438954,
1669645920000,1.3347,1.3347,1.3347,1.3347,0.57667103,
1669652940000,1.3117,1.3117,1.3117,1.3117,1.40694278,
1669661340000,1.3267,1.3267,1.3267,1.3267,0.00406235,
1669667340000,1.342,1.342,1.342,1.342,0.51932106,
1669702200000,1.4097,1.4097,1.4097,1.4097,3.28789371,
1669707240000,1.3938,1.3938,1.3938,1.3938,1.34762627,
1669738860000,1.4189,1.4189,1.4189,1.4189,0.19492006,
1669742940000,1.4186,1.4186,1.4186,1.4186,0.4532582899999999,
1669750560000,1.4353,1.4353,1.4353,1.4353,0.63579611,
1669753920000,1.4296,1.4296,1.4296,1.4296,0.25713969,
1669755900000,1.4266,1.4266,1.4266,1.4266,70.0,
1669755960000,1.4263,1.4263,1.4263,1.4263,50.0,
1669756140000,1.425,1.4234,1.425,1.4234,70.0,
1669756200000,1.4226,1.4226,1.4226,1.4226,50.0,
1669757280000,1.4202,1.4192,1.4202,1.4192,40.0,
1669766400000,1.4396,1.4338,1.4396,1.4338,170.0,
1669767420000,1.4636,1.4636,1.4636,1.4636,0.07051867,
1669767600000,1.4638,1.4638,1.4638,1.4638,0.1743624,
1669768800000,1.4718,1.4718,1.4718,1.4718,51.22919539,
1669768860000,1.4718,1.4718,1.4718,1.4718,11.70604097,
1669768920000,1.5025,1.5025,1.5025,1.5025,3.9614,
1669769940000,1.4944,1.4944,1.4944,1.4944,0.85951199,
1669770000000,1.4964,1.4846,1.4964,1.4846,70.0,
1669770300000,1.5162,1.5162,1.5162,1.5162,3.7982,
1669770420000,1.5079,1.5079,1.5079,1.5079,3.811468,
1669770540000,1.5079,1.4964,1.5079,1.4964,2.12520431,
1669774680000,1.5125,1.5125,1.5125,1.5125,0.962474,
1669775940000,1.5113,1.4987,1.5113,1.4987,40.0,
1669776180000,1.5093,1.4987,1.5099,1.4987,40.0,
1669776480000,1.5102,1.4849,1.5102,1.4849,40.0,
1669777860000,1.5192,1.5192,1.5192,1.5192,34.16707377,
1669777920000,1.5192,1.5192,1.5192,1.5192,3.80507459,
1669778400000,1.5161,1.5161,1.5161,1.5161,0.74633212,
1669779000000,1.5192,1.5593,1.5593,1.5192,89.23932436,
1669779060000,1.5606,1.5619,1.5619,1.5606,7.5355,
1669779420000,1.5531,1.5531,1.5531,1.5531,0.01696054,
1669779780000,1.5472,1.5472,1.5472,1.5472,0.92482119,
1669785900000,1.5602,1.5601,1.5602,1.5601,220.0,
1669787280000,1.5527,1.5527,1.5527,1.5527,0.41629897,
1669793580000,0.567,0.567,0.567,0.567,40.0,
1669793640000,0.56813,0.07,0.56813,0.07,29.59631589,
1669793760000,1.6008,1.6047,1.6047,1.6008,10.0,
1669795020000,0.8,0.8,0.8,0.8,10.0,
1669795200000,0.22868,0.188,0.22868,0.188,97.78165471,
1669795260000,0.8,0.8,0.8,0.8,40.0,
1669795380000,0.196,0.196,0.196,0.196,82.218345,
1669795860000,0.246,0.246,0.246,0.246,18.0,
1669795920000,1.19,1.2,1.2,1.19,27.8674,
1669796400000,1.26,1.26,1.26,1.26,20.0,
1669796880000,1.3,1.56,1.56,1.3,112.078573,
1669801020000,1.5586,1.5586,1.5586,1.5586,0.80481382,
1669801440000,1.5657,1.5657,1.5657,1.5657,0.7360966,
1669803840000,1.5557,1.538,1.5557,1.538,70.0,
1669804920000,1.5701,1.5701,1.5701,1.5701,0.48478496,
1669805940000,1.5644,1.5644,1.5644,1.5644,40.0,
1669806300000,1.5787,1.5742,1.5787,1.5742,106.09681851,
1669806480000,1.5753,1.5753,1.5753,1.5753,0.69230081,
1669807320000,1.579,1.579,1.579,1.579,0.19186425,
1669817700000,1.5476,1.5469,1.5476,1.5469,40.0,
1669817820000,1.5476,1.5469,1.5476,1.5469,36.2274,
1669818780000,1.5432,1.5432,1.5432,1.5432,0.0840934,
1669824180000,1.555,1.555,1.555,1.555,0.20792688,
1669827720000,1.5462,1.5462,1.5462,1.5462,0.13405676,
1669827900000,1.5409,1.5409,1.5409,1.5409,0.16902979,
1669834260000,1.5704,1.5704,1.5704,1.5704,0.03931828,
1669834920000,1.5821,1.5821,1.5821,1.5821,0.09721723,
1669843020000,1.5941,1.5749,1.5941,1.5749,31.27037597,
1669843380000,1.452,1.3275,1.452,1.3275,572.78801548,
1669843980000,1.3351,1.388,1.388,1.3351,254.36710879,
1669851600000,1.4407,1.4407,1.4407,1.4407,2.6112927,
1669854120000,1.4071,1.391,1.4071,1.391,1.721573,
1669871100000,1.3601,1.3601,1.3601,1.3601,0.44334025,
1669878300000,1.3557,1.3557,1.3557,1.3557,0.14975013,
1669883700000,1.3686,1.3686,1.3686,1.3686,1.12837087,
1669889880000,1.3612,1.3594,1.3612,1.3594,70.0,
1669905660000,1.4743,1.4743,1.4743,1.4743,4.0208,
1669905720000,1.4736,1.4953,1.4953,1.4736,45.0009927,
1669905840000,1.4822,1.4786,1.4822,1.4786,4.89177981,
1669905900000,1.4823,1.4823,1.4823,1.4823,1.97841844,
1669950780000,1.3953,1.3953,1.3953,1.3953,0.10408224,
1669956960000,1.3904,1.3904,1.3904,1.3904,0.07330829,
1669964820000,1.4025,1.4025,1.4025,1.4025,0.0692514,
1669968000000,1.4198,1.4198,1.4198,1.4198,0.2316057,
1670047680000,1.4023,1.4017,1.4023,1.4017,70.0,
1670064900000,1.4395,1.4375,1.4395,1.4375,70.0,
1670066700000,1.4469,1.4469,1.4469,1.4469,4.0337,
1670067180000,1.4503,1.4503,1.4503,1.4503,11.97949297,
1670070120000,1.4563,1.4563,1.4563,1.4563,11.84146957,
1670073660000,1.4672,1.4672,1.4672,1.4672,2.9220723,
1670088060000,1.4453,1.4453,1.4453,1.4453,0.41093599,
1670088480000,1.4381,1.4381,1.4381,1.4381,0.27020793,
1670118120000,1.4084,1.4056,1.4084,1.4056,70.0,
1670205900000,1.4369,1.4369,1.4369,1.4369,0.001,
1670206080000,1.4446,1.4446,1.4446,1.4446,1.47004011,
1670213280000,1.4545,1.4545,1.4545,1.4545,1.29269689,
1670218680000,1.4494,1.4433,1.4494,1.4433,26.93001225,
1670220540000,1.429,1.429,1.429,1.429,0.58905635,
1670227740000,1.425,1.425,1.425,1.425,0.23823639,
1670256960000,1.4068,1.4028,1.4068,1.4028,26.65380101,
1670257680000,1.4118,1.4118,1.4118,1.4118,1.8079985,
1670259000000,1.4113,1.4113,1.4113,1.4113,1.29211021,
1670260800000,1.4161,1.4161,1.4161,1.4161,0.23895763,
1670261100000,1.4133,1.4133,1.4133,1.4133,0.06008937,
1670437320000,1.2905,1.2905,1.2905,1.2905,0.11861671,
1670444940000,1.2881,1.2881,1.2881,1.2881,0.28141555,
1670452140000,1.2904,1.2904,1.2904,1.2904,0.1370066,
1670457840000,1.2922,1.2922,1.2922,1.2922,0.59309377,
1670459340000,1.2915,1.2915,1.2915,1.2915,0.23986927,
1670529960000,1.3405,1.3405,1.3405,1.3405,0.92032057,
1670530080000,1.3416,1.3416,1.3416,1.3416,2.27555781,
1670637780000,1.351,1.351,1.351,1.351,0.17490232,
1670639400000,1.3516,1.3516,1.3516,1.3516,0.43245839,
1670673000000,1.3761,1.3761,1.3761,1.3761,17.113300000000002,
1670673480000,1.3803,1.3803,1.3803,1.3803,0.66502298,
1670678460000,1.3818,1.3818,1.3818,1.3818,0.26896013,
1670824560000,1.3114,1.3114,1.3114,1.3114,3.08022971,
1670827080000,1.3059,1.3059,1.3059,1.3059,0.12491127,
1670841540000,1.3215,1.3215,1.3215,1.3215,0.09681735,
1670842560000,1.3199,1.3199,1.3199,1.3199,1.16522611,
1670849700000,1.3228,1.3228,1.3228,1.3228,0.59972287,
1670857800000,1.3208,1.3208,1.3208,1.3208,0.21538907,
1670919600000,1.3014,1.3014,1.3014,1.3014,0.07173341,
1670938200000,1.389,1.389,1.389,1.389,0.24017042,
1670942460000,1.4214,1.4208,1.4214,1.4208,6.24200564,
1670944440000,1.3962,1.3962,1.3962,1.3962,7.16229767,
1670944500000,1.3884,1.3874,1.3884,1.3874,7.14797307,
1670951940000,1.3607,1.3607,1.3607,1.3607,0.12134445,
1670965740000,1.3873,1.3873,1.3873,1.3873,0.06926179,
1670970120000,1.3901,1.3901,1.3901,1.3901,0.58885645,
1670974260000,1.3835,1.3835,1.3835,1.3835,1.59187781,
1671042720000,1.3875,1.3875,1.3875,1.3875,0.69072616,
1671065280000,1.317,1.317,1.317,1.317,0.60329814,
1671066120000,1.3137,1.3137,1.3137,1.3137,0.22316788,
1671109200000,1.3163,1.3163,1.3163,1.3163,1.03710366,
1671152100000,1.2898,1.2898,1.2898,1.2898,1.03710366,
1671169860000,1.3197,1.3197,1.3197,1.3197,0.62148809,
1671174780000,1.3204,1.3204,1.3204,1.3204,0.1610286,
1671181980000,1.2611,1.2611,1.2611,1.2611,1.26412874,
1671196440000,1.2447,1.2447,1.2447,1.2447,0.08023752,
1671203460000,1.2336,1.2336,1.2336,1.2336,0.0708884,
1671414300000,1.2086,1.2086,1.2086,1.2086,3.16966163,
1671429300000,1.1524,1.1524,1.1524,1.1524,1.58639652,
1671430500000,1.1538,1.1538,1.1538,1.1538,0.05690634,
1671492660000,1.1213,1.1213,1.1213,1.1213,0.03027276,
1671501360000,1.1469,1.1469,1.1469,1.1469,2.08439883,
1671507060000,1.1591,1.1591,1.1591,1.1591,0.03995277,
1671576240000,1.1661,1.1661,1.1661,1.1661,0.002,
1671576300000,1.1661,1.1661,1.1661,1.1661,0.004,
1671576360000,1.1661,1.161,1.1661,1.161,0.0099999999999999,
1671576420000,1.1616,1.1622,1.1622,1.1616,0.004,
1671576480000,1.1594,1.1594,1.1594,1.1594,0.002,
1671576540000,1.1616,1.1616,1.1616,1.1616,0.006,
1671601560000,1.1761,1.1755,1.1761,1.1755,31.88745988,
1671601920000,1.1766,1.1766,1.1766,1.1766,0.82494724,
1671603060000,1.1739,1.1739,1.1739,1.1739,2.05740522,
1671638640000,1.1919,1.1919,1.1919,1.1919,3.67046637,
1671639120000,1.1895,1.1895,1.1895,1.1895,0.00421314,
1671639240000,1.1889,1.1889,1.1889,1.1889,0.08492587,
1671640920000,1.1826,1.1826,1.1826,1.1826,0.53484094,
1671645720000,1.1734,1.1734,1.1734,1.1734,1.33388472,
1671659880000,1.1868,1.1868,1.1868,1.1868,0.08492588,
1671673560000,1.2233,1.2233,1.2233,1.2233,1.66338849,
1671689400000,1.2173,1.2173,1.2173,1.2173,0.63290808,
1671740520000,1.21,1.21,1.21,1.21,70.0,
1671744960000,1.2083,1.2083,1.2083,1.2083,0.22176546,
1671745440000,1.2078,1.2078,1.2078,1.2078,0.5530795,
1672050660000,1.1846,1.1846,1.1846,1.1846,0.15429276,
1672057860000,1.2058,1.2058,1.2058,1.2058,0.47654112,
1672071900000,1.2094,1.2094,1.2094,1.2094,0.20615704,
1672084260000,1.2117,1.2117,1.2117,1.2117,0.14558516,
1672094400000,1.2141,1.2141,1.2141,1.2141,0.001,
1672094580000,1.2207,1.2207,1.2207,1.2207,0.023,
1672094640000,1.2207,1.2207,1.2207,1.2207,0.035,
1672094700000,1.2141,1.2141,1.2141,1.2141,0.057,
1672095960000,1.227,1.2507,1.2507,1.227,67.07086747,
1672097400000,1.2426,1.2426,1.2426,1.2426,0.96030778,
1672101300000,1.243,1.243,1.243,1.243,2.39499221,
1672124640000,1.252,1.252,1.252,1.252,0.40057473,
1672127520000,1.2508,1.2508,1.2508,1.2508,0.87486257,
1672247460000,1.2334,1.2334,1.2334,1.2334,0.00627417,
1672251060000,1.2423,1.2423,1.2423,1.2423,2.42741184,
1672258260000,1.2272,1.2272,1.2272,1.2272,2.05461251,
1672280940000,1.2555,1.2555,1.2555,1.2555,32.590424060000004,
1672281000000,1.2603,1.2609,1.2609,1.2603,32.77080821,
1672287120000,1.2604,1.2604,1.2604,1.2604,0.02308947,
1672287420000,1.2623,1.2623,1.2623,1.2623,0.061141,
1672303620000,1.2652,1.2652,1.2652,1.2652,0.63033986,
1672303680000,1.267,1.267,1.267,1.267,0.23570953,
1672325280000,1.2982,1.2982,1.2982,1.2982,1.65145195,
1672327140000,1.294,1.294,1.294,1.294,0.61754458,
1672815360000,1.3386,1.3398,1.3398,1.3386,62.0,
1672881120000,1.3529,1.3529,1.3529,1.3529,3.31791004,
1672998900000,1.3223,1.3223,1.3223,1.3223,5.03368413,
1672999980000,1.3092,1.3092,1.3092,1.3092,0.36267293,
1673005080000,1.3004,1.3004,1.3004,1.3004,1.01244112,
1673011860000,1.2911,1.2911,1.2911,1.2911,4.4175,
1673017980000,1.3005,1.3005,1.3005,1.3005,0.11744461,
1673019540000,1.3006,1.3006,1.3006,1.3006,1.03525652,
1673058660000,1.3532,1.3532,1.3532,1.3532,2.64692381,
1673062680000,1.3636,1.3636,1.3636,1.3636,0.94817129,
1673095920000,1.3542,1.3542,1.3542,1.3542,0.79272548,
1673202300000,1.351,1.351,1.351,1.351,0.12483622,
1673211060000,1.3764,1.3764,1.3764,1.3764,0.24036858,
1673220960000,1.3914,1.3914,1.3914,1.3914,0.21750921,
1673227500000,1.4471,1.4471,1.4471,1.4471,0.59123609,
1673228160000,1.435,1.4344,1.435,1.4344,4.3520815200000005,
1673249100000,1.442,1.442,1.442,1.442,25.0,
1673249820000,1.446,1.446,1.446,1.446,0.23276307,
1673251680000,1.4438,1.4438,1.4438,1.4438,0.08202226,
1673259540000,1.4603,1.4584,1.4603,1.4584,0.62387174,
1673292720000,1.4445,1.4445,1.4445,1.4445,0.12305168,
1673297760000,1.4057,1.4057,1.4057,1.4057,0.34919652,
1673324520000,1.4006,1.4006,1.4006,1.4006,1.14593902,
1673325540000,1.4042,1.4042,1.4042,1.4042,0.12699715,
1673332500000,1.3983,1.3983,1.3983,1.3983,0.67327368,
1673337660000,1.395,1.395,1.395,1.395,0.42080376,
1673344860000,1.4041,1.4041,1.4041,1.4041,0.60937279,
1673349660000,1.4054,1.4054,1.4054,1.4054,0.21473395,
1673365440000,1.403,1.403,1.403,1.403,0.4009719,
1673367540000,1.4046,1.4046,1.4046,1.4046,0.20985723,
1673380560000,1.4295,1.4295,1.4295,1.4295,1.06911745,
1673388120000,1.4314,1.4314,1.4314,1.4314,0.42833706,
1673389140000,1.4241,1.4241,1.4241,1.4241,0.0704483,
1673488320000,1.5097,1.5097,1.5097,1.5097,1.71028084,
1673497560000,1.4863,1.4863,1.4863,1.4863,0.17546729,
1673504220000,1.4693,1.4693,1.4693,1.4693,0.3327426,
1673528220000,1.4184,1.4184,1.4184,1.4184,0.06000487,
1673538120000,1.4205,1.4205,1.4205,1.4205,0.88638729,
1673544540000,1.4249,1.4249,1.4249,1.4249,0.14242102,
1673547180000,1.4542,1.4542,1.4542,1.4542,0.14974706,
1673557560000,1.5041,1.5039,1.5041,1.5039,4.42665146,
1673563560000,1.5366,1.5366,1.5366,1.5366,0.84359267,
1673564760000,1.5125,1.5125,1.5125,1.5125,1.04402552,
1673570100000,1.4913,1.4965,1.4965,1.4913,0.35027601,
1673571960000,1.4923,1.4923,1.4923,1.4923,2.17705026,
1673579160000,1.4875,1.4875,1.4875,1.4875,0.31819212,
1673586420000,1.5461,1.5461,1.5461,1.5461,2.9956592,
1673589660000,1.5286,1.5286,1.5286,1.5286,1.08388777,
1673614680000,1.5174,1.5174,1.5174,1.5174,0.62554452,
1673622540000,1.5462,1.544,1.5462,1.544,5.364397,
1673625720000,1.5428,1.5428,1.5428,1.5428,1.35448213,
1673636460000,1.5124,1.5124,1.5124,1.5124,0.02383598,
1673640180000,1.5159,1.5159,1.5159,1.5159,0.0541028,
1673645700000,1.548,1.548,1.548,1.548,3.7534,
1673646180000,1.5639,1.5631,1.5639,1.5631,5.0,
1673646300000,1.5674,1.5661,1.5674,1.5661,5.0,
1673646360000,1.584,1.584,1.584,1.584,5.0,
1673646780000,1.6073,1.6073,1.6073,1.6073,0.001,
1673650860000,1.549,1.549,1.549,1.549,0.5157947,
1673654580000,1.5492,1.5492,1.5492,1.5492,1.4733523,
1673656800000,1.6211,1.6211,1.6211,1.6211,0.00304045,
1673681100000,1.7145,1.7145,1.7145,1.7145,0.001,
1673681280000,1.7543,1.7542,1.7543,1.7542,6.12269841,
1673681400000,1.7933,1.7933,1.7933,1.7933,0.001,
1673685660000,1.7981,1.7981,1.7981,1.7981,3.02016267,
1673687940000,1.689,1.6828,1.689,1.6828,25.09382664,
1673695740000,1.7238,1.7238,1.7238,1.7238,0.06554772,
1673714280000,1.7232,1.7294,1.7315,1.7232,389.68077424,
1673714460000,1.7272,1.7272,1.7272,1.7272,0.74982963,
1673717340000,1.7247,1.7247,1.7247,1.7247,1.89734948,
1673764620000,1.7433,1.7357,1.7433,1.7357,0.5667217,
1673802180000,1.7806,1.7885,1.7885,1.7806,0.002,
1673803380000,1.7941,1.7941,1.7941,1.7941,0.003,
1673803440000,1.8045,1.8045,1.8045,1.8045,0.001,
1673803860000,1.8168,1.8168,1.8168,1.8168,0.001,
1673806440000,1.7594,1.7594,1.7594,1.7594,1.15738242,
1673808300000,1.767,1.765,1.767,1.765,3.28442411,
1673845560000,1.8207,1.8207,1.8207,1.8207,0.02067822,
1673849700000,1.8258,1.8258,1.8258,1.8258,0.03913831,
1673856540000,1.7233,1.7233,1.7233,1.7233,3.1127,
1673856720000,1.7352,1.7352,1.7352,1.7352,198.72,
1673864100000,1.7427,1.7427,1.7427,1.7427,0.28904492,
1673867400000,1.7372,1.738,1.738,1.7372,0.61906165,
1673919840000,1.7288,1.7288,1.7288,1.7288,2.36697297,
1674004080000,1.7806,1.7806,1.7806,1.7806,3.2065,
1674004920000,1.7832,1.7832,1.7832,1.7832,2.9498,
1674025320000,1.7695,1.7695,1.7695,1.7695,0.79539455,
1674028020000,1.766,1.766,1.766,1.766,0.2480937,
1674053640000,1.8046,1.8046,1.8046,1.8046,0.45211166,
1674054780000,1.7983,1.7983,1.7983,1.7983,1.48229731,
1674057180000,1.7094,1.7094,1.7094,1.7094,1.3535341,
1674058140000,1.6881,1.6881,1.6881,1.6881,4.1357524,
1674058860000,1.6228,1.6228,1.6228,1.6228,3.392,
1674061140000,1.641,1.641,1.641,1.641,1.35353411,
1674062100000,1.7295,1.7295,1.7295,1.7295,0.65523044,
1674076500000,1.6563,1.6563,1.6563,1.6563,0.18612545,
1674085020000,1.6133,1.6109,1.6133,1.6109,5.0985106,
1674087000000,1.6357,1.6357,1.6357,1.6357,0.005,
1674087060000,1.6262,1.6262,1.6262,1.6262,0.004,
1674087120000,1.6278,1.6278,1.6278,1.6278,0.004,
1674087360000,1.6209,1.6209,1.6209,1.6209,0.004,
1674087840000,1.6167,1.6167,1.6167,1.6167,0.004,
1674087900000,1.62,1.6243,1.6243,1.62,0.008,
1674088200000,1.6168,1.6168,1.6168,1.6168,0.004,
1674108840000,1.6456,1.6456,1.6456,1.6456,0.1866036,
1674123300000,1.6438,1.6438,1.6438,1.6438,0.01217753,
1674129900000,1.6119,1.6119,1.6119,1.6119,0.5,
1674133380000,1.6007,1.6007,1.6007,1.6007,0.03723401,
1674133500000,1.5991,1.5991,1.5991,1.5991,0.004,
1674237480000,1.676,1.6841,1.6841,1.676,0.002591,
1674244320000,1.6909,1.6918,1.6918,1.6909,1.5690695,
1674254280000,1.8002,1.8002,1.8002,1.8002,0.004,
1674258720000,1.8189,1.8164,1.8189,1.8164,6.701796,
1674265920000,1.8247,1.8247,1.8247,1.8247,0.11543629,
1674273120000,1.875,1.875,1.875,1.875,0.52350079,
1674275460000,1.8544,1.8544,1.8544,1.8544,2.35555959,
1674296760000,1.8434,1.795,1.8434,1.795,6.589314079999999,
1674297060000,1.7593,1.7593,1.7593,1.7593,3.61861408,
1674304800000,1.8001,1.8001,1.8001,1.8001,0.32349155,
1674308820000,1.8012,1.8012,1.8012,1.8012,0.40621181,
1674350340000,1.7663,1.7663,1.7663,1.7663,1.35956273,
1674357540000,1.7643,1.7643,1.7643,1.7643,0.28452061,
1674387900000,1.8302,1.8302,1.8302,1.8302,0.02836719,
1674390240000,1.8445,1.8445,1.8445,1.8445,0.13744044,
1674391740000,1.88,1.88,1.88,1.88,5.0,
1674392100000,1.93,1.93,1.93,1.93,3.0598,
1674393600000,1.8568,1.8539,1.8568,1.8539,3.90919553,
1674401340000,1.9032,1.9032,1.9032,1.9032,0.18581019,
1674411180000,1.9277,1.9277,1.9277,1.9277,0.6368686,
1674411240000,1.935,1.935,1.935,1.935,1.94728937,
1674454440000,1.8771,1.8771,1.8771,1.8771,1.0559255,
1674458940000,1.8627,1.8627,1.8627,1.8627,0.17462167,
1674471000000,1.9349,1.9349,1.9349,1.9349,2.9763,
1674481260000,1.9114,1.9114,1.9114,1.9114,0.04823273,
1674486660000,1.9095,1.9095,1.9095,1.9095,0.23503847,
1674487860000,1.98,1.98,1.98,1.98,2.878,
1674488100000,2.0036,2.0036,2.0036,2.0036,2.9633,
1674488160000,2.0107,2.0107,2.0107,2.0107,2.8679,
1674489480000,1.9805,1.9805,1.9805,1.9805,0.03576152,
1674518640000,2.0387,2.0387,2.0387,2.0387,0.002026,
1674519060000,2.0456,2.0456,2.0456,2.0456,1.96467491,
1674519480000,2.0787,2.0787,2.0787,2.0787,0.001983,
1674521160000,2.0287,2.0283,2.0287,2.0283,9.8,
1674522000000,2.0134,2.0134,2.0134,2.0134,1.33565967,
1674525420000,2.0489,2.0489,2.0489,2.0489,0.52525984,
1674525720000,2.061,2.061,2.061,2.061,0.21055965,
1674526140000,2.0518,2.0518,2.0518,2.0518,0.64380713,
1674531600000,2.0477,2.0477,2.0477,2.0477,0.37489357,
1674533400000,2.0518,2.0518,2.0518,2.0518,0.05359903,
1674539460000,2.1093,2.1093,2.1093,2.1093,1.44183028,
1674540000000,2.1081,2.1081,2.1081,2.1081,0.47155623,
1674548100000,2.0534,2.0534,2.0534,2.0534,1.30507311,
1674561000000,2.0591,2.0591,2.0591,2.0591,0.07775659,
1674571260000,2.0098,2.0098,2.0098,2.0098,0.24253146,
1674585720000,2.006,2.006,2.006,2.006,0.0749766,
1674586740000,2.0021,2.0021,2.0021,2.0021,0.09678519,
1674622020000,1.9229,1.9229,1.9229,1.9229,0.27664736,
1674627180000,1.9589,1.9589,1.9589,1.9589,0.58883805,
1674656160000,1.9588,1.9597,1.9597,1.9588,28.17958676,
1674656220000,1.9513,1.9485,1.9513,1.9485,15.77994681,
1674656400000,1.9505,1.9505,1.9505,1.9505,0.22395149,
1674657600000,1.9192,1.9192,1.9192,1.9192,0.68475406,
1674686040000,2.0063,2.0063,2.0063,2.0063,0.47207255,
1674686100000,2.0148,2.0148,2.0148,2.0148,2.276212,
1674686220000,2.007,2.007,2.007,2.007,1.44340897,
1674688260000,1.9506,1.9506,1.9506,1.9506,0.1743352,
1674700620000,1.9863,1.9863,1.9863,1.9863,0.3649224,
1674709560000,1.9989,1.9989,1.9989,1.9989,1.11578667,
1674713760000,2.0394,2.0394,2.0394,2.0394,2.48100033,
1674716640000,2.0531,2.0531,2.0531,2.0531,0.7500641,
1674717240000,2.0592,2.0592,2.0592,2.0592,0.2453114,
1674723840000,2.1052,2.1052,2.1052,2.1052,1.88603492,
1674724440000,2.1034,2.1034,2.1034,2.1034,0.6168351,
1674733380000,2.1383,2.1383,2.1383,2.1383,0.16999906,
1674733560000,2.1299,2.1299,2.1299,2.1299,0.5197891,
1674742080000,2.2723,2.2723,2.2723,2.2723,1.81802814,
1674744060000,2.3695,2.3695,2.3695,2.3695,2.5246,
1674744840000,2.3118,2.3118,2.3118,2.3118,1.78036905,
1674746100000,2.3028,2.3028,2.3028,2.3028,3.62662805,
1674753660000,2.3408,2.3408,2.3408,2.3408,0.19234206,
1674754620000,2.3367,2.3367,2.3367,2.3367,0.06290623,
1674761700000,2.2718,2.2718,2.2718,2.2718,18.0,
1674773520000,2.3533,2.3568,2.3568,2.3533,100.0,
1674773820000,2.3433,2.3431,2.351,2.3373,15.0,
1674773880000,2.3353,2.3365,2.3365,2.3325,7.0,
1674773940000,2.3314,2.3365,2.3365,2.3301,15.0,
1674775200000,2.3195,2.3195,2.3195,2.3195,1.0,
1674777060000,2.2915,2.2915,2.2915,2.2915,0.14191568,
1674778140000,2.2756,2.2756,2.2756,2.2756,0.07537576,
1674778260000,2.2809,2.2777,2.2842,2.2777,7.0,
1674778440000,2.2678,2.2678,2.2678,2.2678,0.23046889,
1674782640000,2.26,2.262,2.262,2.26,30.0,
1674782880000,2.2612,2.262,2.262,2.2612,40.0,
1674782940000,2.2619,2.2625,2.2625,2.2619,5.0,
1674784260000,2.26,2.26,2.26,2.26,220.0,
1674792540000,2.2575,2.2575,2.2575,2.2575,0.02347632,
1674823560000,2.2525,2.2525,2.2525,2.2525,20.0,
1674850200000,2.28,2.28,2.28,2.28,0.05978091,
1674851160000,2.2258,2.2258,2.2258,2.2258,14.44613548,
1674851220000,2.2073,2.2073,2.2073,2.2073,2.4209,
1674867360000,2.2075,2.2075,2.2075,2.2075,1.31341962,
1674871260000,2.1918,2.1918,2.1918,2.1918,0.04466388,
1674915720000,2.0965,2.0965,2.0965,2.0965,1.25484428,
1674918060000,2.0756,2.0756,2.0756,2.0756,0.26158547,
1674923340000,2.0766,2.0766,2.0766,2.0766,0.24773063,
1674926580000,2.0521,2.0521,2.0521,2.0521,0.0752777,
1674982860000,2.142,2.142,2.142,2.142,0.001,
1674983280000,2.1493,2.1493,2.1493,2.1493,0.001,
1674983580000,2.1373,2.1373,2.1373,2.1373,0.4951968,
1674984480000,2.1476,2.1476,2.1476,2.1476,1.62963808,
1674984540000,2.1576,2.1576,2.1576,2.1576,0.001,
1674984600000,2.1597,2.1597,2.1597,2.1597,0.001,
1674984720000,2.1598,2.1598,2.1598,2.1598,0.001,
1674988680000,2.1835,2.1835,2.1835,2.1835,0.001,
1674988740000,2.185,2.185,2.185,2.185,0.001,
1674991740000,2.1742,2.1742,2.1742,2.1742,0.46214095,
1674998940000,2.1641,2.1641,2.1641,2.1641,0.20268404,
1675001460000,2.1648,2.1648,2.1648,2.1648,0.06158943,
1675031400000,2.239,2.239,2.239,2.239,0.001,
1675034580000,2.2454,2.2543,2.2543,2.2454,500.0,
1675034640000,2.2453,2.2709,2.2709,2.2453,500.0,
1675035300000,2.2977,2.2977,2.2977,2.2977,0.001,
1675037580000,2.2352,2.2352,2.2352,2.2352,3.28783271,
1675037700000,2.2307,2.2307,2.2307,2.2307,0.014916,
1675052520000,2.1828,2.1828,2.1828,2.1828,0.99907104,
1675064220000,2.1937,2.2328,2.2328,2.1937,0.003961,
1675066440000,2.264,2.264,2.264,2.264,0.37443755,
1675071480000,2.111,2.111,2.111,2.111,0.001,
1675095480000,2.19,2.19,2.19,2.19,1.0,
1675097400000,2.217,2.217,2.217,2.217,1.0,
1675097460000,2.2,2.2,2.2,2.2,2.0,
1675103880000,2.148,2.148,2.148,2.148,2.0,
1675103940000,2.148,2.148,2.148,2.148,2.0,
1675104000000,2.155,2.155,2.155,2.155,2.0,
1675104060000,2.155,2.155,2.155,2.155,4.0,
1675104120000,2.155,2.155,2.155,2.155,2.0,
1675104180000,2.1502,2.1502,2.1502,2.1502,2.0,
1675104300000,2.145,2.145,2.145,2.145,1.0,
1675104360000,2.145,2.145,2.145,2.145,1.0,
1675104660000,2.1419,2.1419,2.1419,2.1419,1.0,
1675104720000,2.145,2.145,2.145,2.145,2.0,
1675104900000,2.155,2.155,2.155,2.155,1.0,
1675104960000,2.155,2.155,2.155,2.155,1.0,
1675105020000,2.155,2.155,2.155,2.155,1.0,
1675106640000,2.108,2.108,2.108,2.108,1.0,
1675106700000,2.108,2.108,2.108,2.108,1.0,
1675106760000,2.115,2.115,2.115,2.115,1.0,
1675111080000,2.106,2.106,2.106,2.106,0.001,
1675135320000,2.1645,2.1731,2.1731,2.1645,0.002393,
1675151400000,2.1999,2.1999,2.1999,2.1999,0.1481568,
1675153140000,2.2015,2.2015,2.2015,2.2015,1.0,
1675155000000,2.1834,2.1834,2.1834,2.1834,0.10908128,
1675156380000,2.2149,2.2244,2.2244,2.2149,0.002392,
1675159260000,2.1834,2.1834,2.1834,2.1834,0.05324742,
1675173660000,2.2128,2.2128,2.2128,2.2128,0.16577575,
1675181520000,2.2273,2.2273,2.2273,2.2273,1.48642125,
1675181820000,2.3331,2.3331,2.3331,2.3331,20.0,
1675181940000,2.3124,2.3124,2.3124,2.3124,0.68004918,
1675182420000,2.2981,2.2981,2.2981,2.2981,2.23796692,
1675183260000,2.2945,2.3109,2.3109,2.2945,0.00219,
1675189920000,2.3221,2.331,2.331,2.3221,0.002193,
1675190340000,2.3111,2.3111,2.3111,2.3111,0.0983883,
1675191000000,2.3416,2.3416,2.3416,2.3416,0.32378507,
1675191420000,2.3898,2.3898,2.3898,2.3898,18.93963493,
1675191660000,2.4036,2.4036,2.4036,2.4036,0.3249204,
1675193700000,2.3596,2.3596,2.3596,2.3596,0.54455948,
1675197480000,2.3537,2.3537,2.3537,2.3537,0.15944555,
1675222440000,2.2401,2.2401,2.2401,2.2401,0.0011,
1675222500000,2.2497,2.2497,2.2497,2.2497,0.001094,
1675226460000,2.2239,2.2239,2.2239,2.2239,1.89480244,
1675235880000,2.2478,2.2478,2.2478,2.2478,0.19907551,
1675248120000,2.2269,2.2269,2.2269,2.2269,0.23064395,
1675249260000,2.2313,2.2313,2.2313,2.2313,0.06449582,
1675291980000,2.4451,2.4444,2.4451,2.4444,4.58494928,
1675298460000,2.4704,2.4704,2.4704,2.4704,1.28210629,
1675305720000,2.4384,2.4384,2.4384,2.4384,0.16420982,
1675313820000,2.4729,2.4872,2.4872,2.4729,0.002191,
1675313940000,2.4799,2.4906,2.4906,2.4799,0.0021939999999999,
1675316580000,2.4802,2.4802,2.4802,2.4802,0.10177902,
1675321800000,2.4829,2.4829,2.4829,2.4829,0.95120454,
1675330500000,2.556,2.5942,2.5942,2.556,22.04928824,
1675330560000,2.5845,2.5845,2.5845,2.5845,0.41700893,
1675333380000,2.592,2.592,2.592,2.592,2.11000477,
1675337880000,2.5665,2.5665,2.5665,2.5665,1.44332037,
1675344000000,2.6185,2.6295,2.6295,2.6185,0.002193,
1675344960000,2.6164,2.6164,2.6164,2.6164,0.31631541,
1675345620000,2.6285,2.6285,2.6285,2.6285,1.50241581,
1675349160000,2.6224,2.6222,2.6224,2.6222,20.0,
1675353900000,2.6812,2.6812,2.6812,2.6812,17.1,
1675355760000,2.7288,2.7288,2.7288,2.7288,1.8524262,
1675355820000,2.7405,2.7405,2.7405,2.7405,0.27080587,
1675365000000,2.6793,2.6793,2.6793,2.6793,0.59106312,
1675366440000,2.6645,2.6645,2.6645,2.6645,0.05645173,
1675387080000,2.5958,2.5958,2.5958,2.5958,2.0622,
1675389480000,2.597,2.597,2.597,2.597,2.0622,
1675391280000,2.5958,2.5958,2.5958,2.5958,8.357,
1675392120000,2.5958,2.5958,2.5958,2.5958,35.4522,
1675399200000,2.6036,2.6036,2.6036,2.6036,0.02584545,
1675401660000,2.6631,2.6631,2.6631,2.6631,0.05895657,
1675406400000,2.6375,2.6375,2.6375,2.6375,0.42853573,
1675408860000,2.6407,2.6407,2.6407,2.6407,1.53248964,
1675438020000,2.7589,2.7589,2.7589,2.7589,401.431,
1675438080000,2.7589,2.7589,2.7589,2.7589,7.79,
1675438200000,2.7589,2.7589,2.7589,2.7589,11.881,
1675438260000,2.7589,2.7589,2.7589,2.7589,74.6951,
1675440000000,2.7095,2.7095,2.7095,2.7095,0.28960885,
1675451520000,2.7363,2.7363,2.7363,2.7363,1.03567222,
1675498860000,2.7203,2.7203,2.7203,2.7203,0.0059402,
1675512300000,2.7116,2.7116,2.7116,2.7116,0.14598303,
1675512540000,2.7141,2.7141,2.7141,2.7141,0.52205096,
1675518660000,2.7263,2.7428,2.7428,2.7263,0.002191,
1675520400000,2.7357,2.7357,2.7357,2.7357,0.19088835,
1675528620000,2.7188,2.7188,2.7188,2.7188,0.07588794,
1675534500000,2.7535,2.7535,2.7535,2.7535,0.2605003,
1675536360000,2.7225,2.7225,2.7225,2.7225,0.93157696,
1675539960000,2.7043,2.7001,2.7043,2.7001,390.3376,
1675540020000,2.7036,2.7012,2.7036,2.7012,4.2847,
1675547580000,2.4411,0.011129,2.4411,0.011129,998.0,
1675547700000,2.6735,2.6735,2.6735,2.6735,2.1369,
1675547760000,2.6722,2.6722,2.6722,2.6722,47.7781,
1675548360000,2.6846,2.6846,2.6846,2.6846,1.15,
1675548600000,2.6745,2.6745,2.6745,2.6745,0.151,
1675548660000,2.6745,2.673,2.6745,2.673,0.502,
1675548720000,2.6747,2.6799,2.6799,2.6747,0.381,
1675548780000,2.6785,2.6785,2.6785,2.6785,0.1159999999999999,
1675550820000,2.6816,2.6816,2.6816,2.6816,1.24782591,
1675551840000,2.6763,2.6416,2.6763,2.6416,2124.72745212,
1675553340000,2.6542,2.6542,2.6542,2.6542,0.37414243,
1675569480000,2.5844,2.5844,2.5844,2.5844,0.0011,
1675574760000,2.5722,2.5694,2.5722,2.5694,300.0,
1675575000000,2.5852,2.5852,2.5852,2.5852,0.64835256,
1675587540000,2.593,2.593,2.593,2.593,2.0265,
1675587600000,2.5945,2.5945,2.5945,2.5945,2.1007,
1675587660000,2.5908,2.5921,2.5921,2.5908,3.30327272,
1675591260000,2.5758,2.5758,2.5758,2.5758,0.001101,
1675597740000,2.5486,2.5486,2.5486,2.5486,0.133102,
1675607700000,2.4312,2.4312,2.4312,2.4312,0.0011,
1675612140000,2.4082,2.4082,2.4082,2.4082,0.69214041,
1675620840000,2.3614,2.3614,2.3614,2.3614,0.13108649,
1675622820000,2.3534,2.3165,2.3534,2.3165,47.9378,
1675641840000,2.3456,2.3456,2.3456,2.3456,0.65086967,
1675642500000,2.3591,2.3591,2.3591,2.3591,1.51754475,
1675654560000,2.3109,2.3109,2.3109,2.3109,0.001155,
1675662000000,2.2561,2.2561,2.2561,2.2561,0.0011,
1675662780000,2.2778,2.2778,2.2778,2.2778,0.3766364,
1675664100000,2.292,2.292,2.292,2.292,1.18988454,
1675664340000,2.2926,2.2926,2.2926,2.2926,0.00108,
1675671300000,2.3263,2.3367,2.3367,2.3263,0.002193,
1675671360000,2.3213,2.3213,2.3213,2.3213,1.78839001,
1675672200000,2.307,2.307,2.307,2.307,0.56051761,
1675685760000,2.277,2.277,2.277,2.277,0.21709152,
1675694040000,2.2772,2.2772,2.2772,2.2772,0.02543942,
1675696260000,2.2755,2.2737,2.2755,2.2737,0.2,
1675696320000,2.2792,2.2792,2.2792,2.2792,0.04,
1675701240000,2.3161,2.3161,2.3161,2.3161,0.03338016,
1675702920000,2.293,2.293,2.293,2.293,0.48506006,
1675705260000,2.2985,2.2985,2.2985,2.2985,0.04031761,
1675705560000,2.2966,2.2966,2.2966,2.2966,0.14418008,
1675725540000,2.2,2.2,2.2,2.2,10.117725,
1675728420000,2.198,2.2007,2.2007,2.198,2.73889189,
1675731480000,2.1928,2.1928,2.1928,2.1928,0.76588645,
1675742820000,2.2013,2.2013,2.2013,2.2013,0.62519046,
1675747500000,2.2105,2.2105,2.2105,2.2105,0.17482432,
1675750020000,2.2126,2.2126,2.2126,2.2126,0.1463019,
1675756020000,2.2206,2.2206,2.2206,2.2206,0.09489963,
1675757280000,2.2078,2.2078,2.2078,2.2078,0.19306932,
1675769940000,2.2361,2.2361,2.2361,2.2361,0.14974156,
1675784340000,2.2686,2.2686,2.2686,2.2686,0.26698227,
1675788060000,2.2679,2.2679,2.2679,2.2679,0.95475716,
1675813980000,2.4476,2.4477,2.4477,2.4432,436.742,
1675814040000,2.448,2.4508,2.4508,2.4478,61.8256,
1675817880000,2.5262,2.5262,2.5262,2.5262,2.8663329,
1675832280000,2.4673,2.4673,2.4673,2.4673,0.99534299,
1675833540000,2.446,2.446,2.446,2.446,0.0375535,
1675841040000,2.4796,2.4796,2.4796,2.4796,0.44191896,
1675845120000,2.4578,2.4578,2.4578,2.4578,0.19649258,
1675873620000,2.2903,2.3032,2.3032,2.2903,0.002192,
1675876020000,2.3553,2.3553,2.3553,2.3553,4.57029451,
1675879800000,2.3132,2.3132,2.3132,2.3132,1.71066337,
1675879860000,2.313,2.313,2.313,2.313,0.06329048,
1675897980000,2.2796,2.2796,2.2796,2.2796,0.55070135,
1675911960000,2.1574,2.1574,2.1574,2.1574,0.24555527,
1675912380000,2.184,2.184,2.184,2.184,0.24079323,
1675940820000,2.2046,2.2046,2.2046,2.2046,0.39626813,
1675957920000,2.1992,2.1992,2.1992,2.1992,0.22533453,
1675961340000,2.14,2.143,2.143,2.14,2.6246478900000003,
1675963500000,2.0987,2.0987,2.0987,2.0987,0.68717274,
1675979400000,1.9934,1.9934,1.9934,1.9934,0.10359566,
1675986720000,1.9716,1.9716,1.9716,1.9716,0.36891393,
1675993920000,2.0082,2.0082,2.0082,2.0082,0.78981268,
1676023620000,1.9745,1.9745,1.9745,1.9745,1.54901558,
1676023920000,1.9779,1.9779,1.9779,1.9779,0.34707605,
1676043900000,1.9441,1.9441,1.9441,1.9441,0.93567474,
1676058300000,2.0036,2.0036,2.0036,2.0036,0.45160022,
1676060820000,2.0001,2.0001,2.0001,2.0001,0.16285601,
1676091000000,1.8796,1.8878,1.8878,1.8796,0.002193,
1676092260000,1.8713,1.8713,1.8713,1.8713,2.9058,
1676093220000,1.8718,1.8718,1.8718,1.8718,2.9058,
1676093400000,1.8713,1.8713,1.8713,1.8713,0.759503,
1676095020000,1.872,1.872,1.872,1.872,0.32536128,
1676101620000,1.8613,1.8613,1.8613,1.8613,0.09012072,
1676111460000,1.8354,1.8354,1.8354,1.8354,0.08898463,
1676118660000,1.8627,1.8627,1.8627,1.8627,1.12953194,
1676130480000,1.9319,1.9319,1.9319,1.9319,0.62815087,
1676130720000,1.9319,1.9319,1.9319,1.9319,2.26780252,
1676144640000,1.9263,1.9263,1.9263,1.9263,0.759503,
1676177100000,1.9749,1.9578,1.9749,1.946,81.27337117,
1676177340000,1.9421,1.9421,1.9421,1.9421,0.87224025,
1676184540000,1.9848,1.9848,1.9848,1.9848,0.10235435,
1676187480000,1.9826,1.9826,1.9826,1.9826,0.02835078,
1676214060000,1.9461,1.9471,1.9471,1.9461,58.902633310000006,
1676230800000,1.9754,1.9754,1.9754,1.9754,0.01885268,
1676245500000,1.9054,1.9054,1.9054,1.9054,0.64903984,
1676249340000,1.8912,1.8912,1.8912,1.8912,58.78482804,
1676255820000,1.819,1.8261,1.8261,1.819,0.002192,
1676269080000,1.8789,1.8789,1.8789,1.8789,0.1642085,
1676287500000,1.8015,1.8015,1.8015,1.8015,0.23434352,
1676295420000,1.8534,1.8534,1.8534,1.8534,0.66178074,
1676306640000,1.8138,1.8138,1.8138,1.8138,0.44656365,
1676312040000,1.827,1.827,1.827,1.827,1.65670082,
1676375580000,1.9045,1.9141,1.9141,1.9045,0.002192,
1676391420000,2.0541,2.0623,2.0623,2.0541,0.002193,
1676392680000,2.04,2.04,2.04,2.04,2.04749976,
1676395380000,2.0364,2.0364,2.0364,2.0364,0.0247795,
1676398200000,2.0624,2.0704,2.0704,2.0624,0.002193,
1676402580000,2.0679,2.0679,2.0679,2.0679,1.00753137,
1676402640000,2.0687,2.0792,2.0792,2.0687,0.002193,
1676405460000,2.0547,2.0547,2.0547,2.0547,0.27158004,
1676442960000,2.0779,2.0779,2.0779,2.0779,0.50186184,
1676446500000,2.071,2.071,2.071,2.071,0.13527684,
1676466660000,2.162,2.162,2.162,2.162,2.35514934,
1676466900000,2.1982,2.1982,2.1982,2.1982,0.63483042,
1676497320000,2.2083,2.2083,2.2083,2.2083,2.18316227,
1676506140000,2.2383,2.2383,2.2383,2.2383,0.4639743,
1676520840000,2.2557,2.2557,2.2557,2.2557,0.69962408,
1676535000000,2.2363,2.2363,2.2363,2.2363,0.18858365,
1676538900000,2.2474,2.2474,2.2474,2.2474,0.18574383,
1676542500000,2.2613,2.2613,2.2613,2.2613,0.68908868,
1676568720000,2.2702,2.2702,2.2702,2.2702,0.445352,
1676587560000,2.0965,2.0965,2.0965,2.0965,0.434496,
1676599200000,2.1355,2.1467,2.1467,2.1355,0.002192,
1676599440000,2.1439,2.1439,2.1439,2.1439,0.7387112,
1676602680000,2.1474,2.1474,2.1474,2.1474,1.23661374,
1676608320000,2.1551,2.1551,2.1551,2.1551,0.27077564,
1676615520000,2.1837,2.1837,2.1837,2.1837,0.24290961,
1676620800000,2.1525,2.1525,2.1525,2.1525,0.90116728,
1676635920000,2.192,2.192,2.192,2.192,2.63621559,
1676643120000,2.1693,2.1693,2.1693,2.1693,3.58595226,
1676643660000,2.1457,2.1457,2.1457,2.1457,3.58595226,
1676649900000,2.163,2.163,2.163,2.163,0.15528876,
1676650740000,2.1577,2.1577,2.1577,2.1577,0.85194046,
1676664300000,2.1868,2.1868,2.1868,2.1868,0.13651897,
1676665140000,2.1901,2.1901,2.1901,2.1901,1.71406561,
1676679540000,2.1589,2.1589,2.1589,2.1589,1.2165673,
1676685900000,2.1782,2.1782,2.1782,2.1782,0.08564476,
1676714340000,2.1584,2.1573,2.1584,2.1573,23.39006225,
1676715600000,2.1332,2.1332,2.1332,2.1332,0.45760538,
1676728920000,2.1185,2.1185,2.1185,2.1185,0.23,
1676737260000,2.1706,2.1706,2.1706,2.1706,0.18844479,
1676742780000,2.1642,2.1642,2.1642,2.1642,0.12469856,
1676793300000,2.0931,2.0931,2.0931,2.0931,0.18597557,
1676802180000,2.072,2.072,2.072,2.072,1.29654741,
1676807700000,2.0844,2.0844,2.0844,2.0844,0.05827177,
1676827560000,2.0342,2.0342,2.0342,2.0342,0.0814415,
1676827920000,2.0331,2.0331,2.0331,2.0331,0.27398716,
1676861940000,1.9898,1.9898,1.9898,1.9898,0.0943684,
1676866680000,2.0015,2.0015,2.0015,2.0015,0.26658156,
1676887020000,1.9863,1.9863,1.9863,1.9863,0.34314325,
1676887680000,2.0202,2.0202,2.0202,2.0202,0.09249425,
1676915340000,1.9785,1.9816,1.9816,1.9785,6.5785956,
1676937720000,1.9585,1.9585,1.9585,1.9585,1.89153061,
1676941200000,1.9515,1.9515,1.9515,1.9515,0.05940526,
1676945040000,1.9364,1.9364,1.9364,1.9364,0.05601552,
1676951880000,1.9652,1.9652,1.9652,1.9652,0.0546871,
1676965680000,1.9922,1.9922,1.9922,1.9922,0.36699896,
1676966700000,1.9996,1.9996,1.9996,1.9996,1.50163423,
1676972460000,2.061,2.061,2.061,2.061,0.68563592,
1676973900000,2.0098,2.0098,2.0098,2.0098,2.66888456,
1676988420000,2.0031,2.0031,2.0031,2.0031,3.94054064,
1677007740000,1.9552,1.9552,1.9552,1.9552,0.17926265,
1677024240000,1.9365,1.9365,1.9365,1.9365,1.6337432,
1677030060000,1.9188,1.9188,1.9188,1.9188,0.44385077,
1677040740000,1.8765,1.8765,1.8765,1.8765,0.21902224,
1677043500000,1.8624,1.8624,1.8624,1.8624,0.21207509,
1677044340000,1.8666,1.8666,1.8666,1.8666,0.32086656,
1677072360000,1.864,1.864,1.864,1.864,0.0288499,
1677089580000,1.8565,1.8565,1.8565,1.8565,0.48466546,
1677089640000,1.8593,1.8593,1.8593,1.8593,0.219389,
1677090900000,1.859,1.859,1.859,1.859,0.14989089,
1677092040000,1.8549,1.8549,1.8549,1.8549,0.5800924,
1677155820000,1.846,1.846,1.846,1.846,0.12328269,
1677161580000,1.866,1.866,1.866,1.866,0.92734287,
1677163560000,1.8641,1.8641,1.8641,1.8641,0.06802882,
1677170880000,1.8474,1.8474,1.8474,1.8474,19.199,
1677200340000,1.8271,1.8243,1.8271,1.8243,19.166,
1677246000000,1.8172,1.8172,1.8172,1.8172,3.823,
1677247440000,1.8127,1.8138,1.8138,1.8127,4.532,
1677251580000,1.7966,1.7936,1.7971,1.7927,10.093,
1677264540000,1.7154,1.7154,1.7154,1.7154,4.66630822,
1677268920000,1.7247,1.7247,1.7247,1.7247,18.449,
1677272040000,1.7235,1.7235,1.7235,1.7235,5.761,
1677274620000,1.7225,1.7225,1.7225,1.7225,8.621,
1677275160000,1.7032,1.7038,1.7038,1.7032,4.063,
1677281100000,1.7082,1.7082,1.7082,1.7082,18.445,
1677303300000,1.6823,1.6831,1.6831,1.6823,18.41,
1677307500000,1.711,1.711,1.711,1.711,0.022857,
1677361680000,1.667,1.667,1.667,1.667,0.60641482,
1677364740000,1.6992,1.696,1.6992,1.696,4.732,
1677367740000,1.7108,1.7078,1.7108,1.7078,4.122,
1677368400000,1.7148,1.7149,1.7149,1.7148,4.739,
1677371280000,1.7033,1.7033,1.7033,1.7033,2.42517405,
1677378480000,1.7223,1.7223,1.7223,1.7223,0.3266908,
1677378900000,1.7251,1.7228,1.7267,1.7226,8.45,
1677379320000,1.7287,1.7261,1.7287,1.7261,5.867,
1677400140000,1.7153,1.7153,1.7153,1.7153,0.93338158,
1677401280000,1.729,1.7294,1.7294,1.729,80.35922215,
1677404520000,1.7296,1.7296,1.7296,1.7296,0.09660819,
1677415080000,1.7424,1.7482,1.7482,1.7424,7.66,
1677419580000,1.7384,1.7375,1.7384,1.7375,7.656,
1677489120000,1.7714,1.7742,1.7742,1.7714,3.921,
1677489540000,1.7809,1.7821,1.7821,1.7809,4.772,
1677501420000,1.7495,1.7534,1.7534,1.7495,4.63,
1677501840000,1.7507,1.7507,1.7507,1.7507,0.74284632,
1677505080000,1.7864,1.7851,1.7864,1.7851,4.629,
1677505260000,1.7889,1.7861,1.7889,1.7861,8.693,
1677506940000,1.8029,1.8029,1.8029,1.8029,0.2109082,
1677515160000,1.7725,1.7725,1.7725,1.7725,0.50079385,
1677515400000,1.771,1.771,1.771,1.771,1.76386162,
1677555480000,1.7644,1.7644,1.7644,1.7644,0.1885181,
1677598980000,1.7478,1.7478,1.7478,1.7478,0.10609723,
1677599040000,1.746,1.746,1.746,1.746,0.37368836,
1677618240000,1.6924,1.6924,1.6924,1.6924,4.116,
1677618600000,1.6724,1.6724,1.6724,1.6724,4.128,
1677618720000,1.6735,1.6779,1.6779,1.6735,4.141,
1677619080000,1.6729,1.6779,1.6779,1.6729,4.141,
1677631560000,1.6454,1.6454,1.6454,1.6454,1.05448142,
1677638100000,1.6747,1.6727,1.6747,1.6727,16.512,
1677646020000,1.7024,1.7024,1.7024,1.7024,1.73631797,
1677665100000,1.7482,1.7542,1.7542,1.7482,81.21697514,
1677667620000,1.7595,1.7567,1.7595,1.7567,5.14289093,
1677676380000,1.7528,1.7588,1.7588,1.7528,4.333,
1677681900000,1.7402,1.7402,1.7402,1.7402,0.0748722,
1677685140000,1.7451,1.7451,1.7451,1.7451,0.16984615,
1677685320000,1.7575,1.7575,1.7575,1.7575,0.64288367,
1677706980000,1.7497,1.7497,1.7497,1.7497,0.53114418,
1677707640000,1.7562,1.7555,1.7562,1.7555,4.354,
1677720360000,1.7255,1.7286,1.7286,1.7255,9.576,
1677720420000,1.7178,1.7159,1.7178,1.7159,9.567,
1677721380000,1.7021,1.7021,1.7021,1.7021,0.7757669899999999,
1677745260000,1.6764,1.6791,1.6791,1.6764,9.781,
1677746040000,1.6696,1.6743,1.6743,1.6696,4.116,
1677766860000,1.6393,1.641,1.641,1.6393,5.05361378,
1677783660000,1.6551,1.6541,1.6551,1.6541,4.895,
1677783780000,1.6573,1.6541,1.6573,1.6541,9.003,
1677790800000,1.6511,1.6511,1.6511,1.6511,0.37520442,
1677794160000,1.6548,1.6548,1.6548,1.6548,1.42018406,
1677806280000,1.6358,1.6334,1.6358,1.6259,13.859,
1677808740000,1.5282,1.5282,1.5282,1.5282,0.70264063,
1677810240000,1.539,1.539,1.539,1.539,0.45332887,
1677816840000,1.5425,1.5425,1.5425,1.5425,0.13175276,
1677817920000,1.5574,1.555,1.5574,1.555,5.054,
1677818220000,1.5534,1.5518,1.5534,1.5518,8.806000000000001,
1677828960000,1.5916,1.5916,1.5916,1.5916,0.94255236,
1677833280000,1.6006,1.6006,1.6006,1.6006,3.322626,
1677843420000,1.6155,1.6155,1.6155,1.6155,0.05170561,
1677844860000,1.6093,1.6093,1.6093,1.6093,0.18226932,
1677908220000,1.5723,1.5747,1.5747,1.5723,13.168,
1677908280000,1.5672,1.5694,1.5694,1.5672,4.432,
1677911100000,1.5879,1.5858,1.5879,1.5858,4.295999999999999,
1677911580000,1.5992,1.599,1.5992,1.599,3.788,
1677911640000,1.6001,1.599,1.6001,1.599,4.407,
1677914100000,1.5713,1.5718,1.5718,1.5713,4.42,
1677915000000,1.565,1.571,1.571,1.565,4.434,
1677930840000,1.563,1.563,1.563,1.563,2.0,
1677931020000,1.5725,1.5725,1.5725,1.5725,1.0,
1677931140000,1.5649,1.5649,1.5649,1.5649,2.0,
1677946440000,1.5679,1.5649,1.5679,1.5649,13.954,
1677962820000,1.548,1.5503,1.5503,1.548,13.937,
1677969240000,1.5508,1.5498,1.5508,1.5498,3.896,
1677969480000,1.5565,1.5562,1.5565,1.5562,10.047,
1677977160000,1.5254,1.5263,1.5263,1.5254,4.5520000000000005,
1677978600000,1.552,1.5491,1.552,1.5491,4.562,
1678059840000,1.5368,1.5368,1.5368,1.5368,0.15519707,
1678066320000,1.5534,1.5534,1.5534,1.5534,0.54709088,
1678130880000,1.5853,1.5853,1.5853,1.5853,1.61810739,
1678131540000,1.5783,1.5783,1.5783,1.5783,0.0988739,
1678132980000,1.5874,1.5874,1.5874,1.5874,4.133,
1678133520000,1.589,1.5906,1.5906,1.589,4.372,
1678133700000,1.5863,1.5871,1.5871,1.5863,4.377,
1678134120000,1.5807,1.5809,1.5809,1.5807,4.735,
1678156380000,1.6242,1.6231,1.6242,1.6231,17.595,
1678167900000,1.5998,1.6006,1.6006,1.5998,7.274,
1678170420000,1.5868,1.5875,1.5875,1.5868,5.097,
1678173840000,1.5895,1.5895,1.5895,1.5895,5.223,
1678178040000,1.58,1.58,1.58,1.58,3.24534972,
1678201020000,1.5188,1.5188,1.5188,1.5188,17.594,
1678201080000,1.5173,1.5173,1.5173,1.5173,0.06479634,
1678202880000,1.5304,1.5304,1.5304,1.5304,1.306,
1678203420000,1.541,1.541,1.541,1.541,1.0,
1678207200000,1.5084,1.5084,1.5084,1.5084,3.34575556,
1678212540000,1.5196,1.5232,1.5232,1.5196,7.1109,
1678212600000,1.5164,1.5164,1.5164,1.5164,3.5612,
1678215540000,1.5125,1.5125,1.5125,1.5125,0.44034653,
1678219620000,1.4958,1.4967,1.4967,1.4958,17.591,
1678222740000,1.5026,1.5026,1.5026,1.5026,0.00160634,
1678228860000,1.4867,1.4867,1.4867,1.4867,3.40540644,
1678236060000,1.5235,1.5235,1.5235,1.5235,0.20194775,
1678236480000,1.515,1.5127,1.515,1.5127,6.65,
1678243260000,1.5164,1.5164,1.5164,1.5164,0.64556507,
1678253880000,1.4745,1.4749,1.4749,1.4745,6.65,
1678256820000,1.474,1.474,1.474,1.474,0.16981366,
1678269060000,1.4779,1.4764,1.4779,1.4764,17.591,
1678282800000,1.4644,1.4644,1.4644,1.4644,3.10088352,
1678284720000,1.4398,1.4398,1.4398,1.4398,4.809,
1678288440000,1.4656,1.4656,1.4656,1.4656,4.136,
1678295580000,1.4459,1.4459,1.4459,1.4459,0.47737785,
1678302780000,1.4349,1.4349,1.4349,1.4349,0.75974737,
1678303800000,1.4371,1.4394,1.4394,1.4371,18.478,
1678314900000,1.4016,1.4039,1.4039,1.4016,5.404,
1678315680000,1.3977,1.3992,1.3992,1.3977,6.0,
1678315740000,1.3954,1.3961,1.3961,1.3954,4.805,
1678323840000,1.4038,1.4038,1.4038,1.4038,0.05529803,
1678328760000,1.4267,1.426,1.4267,1.426,29.653,
1678329180000,1.4248,1.4248,1.4248,1.4248,0.19819791,
1678336800000,1.4319,1.4319,1.4319,1.4319,30.436,
1678343580000,1.4082,1.4082,1.4082,1.4082,0.19079324,
1678354680000,1.4015,1.4015,1.4015,1.4015,0.05323211,
1678360980000,1.4141,1.4127,1.4141,1.4127,25.486,
1678361640000,1.4214,1.4193,1.4214,1.4193,4.25,
1678367520000,1.4158,1.4158,1.4158,1.4158,0.02934245,
1678368840000,1.4268,1.4251,1.4268,1.4251,4.941,
1678372500000,1.4633,1.4633,1.4633,1.4633,0.10754978,
1678388640000,1.4002,1.4005,1.4005,1.4002,4.519,
1678388700000,1.4056,1.3964,1.4065,1.3942,10.189,
1678388760000,1.3994,1.3994,1.3994,1.3994,4.971,
1678392180000,1.3855,1.3873,1.3873,1.3855,5.014,
1678392300000,1.3813,1.3816,1.3816,1.3813,5.031,
1678392480000,1.3756,1.3775,1.3775,1.3756,4.925000000000001,
1678395900000,1.3085,1.3085,1.3085,1.3085,6.21624573,
1678406460000,1.3316,1.3301,1.3316,1.3301,7.552,
1678410960000,1.2979,1.3,1.3,1.2979,5.573,
1678411440000,1.3025,1.3025,1.3025,1.3025,5.421,
1678412280000,1.3267,1.3249,1.3267,1.3249,28.696,
1678435380000,1.3185,1.3185,1.3185,1.3185,4.1573,
1678436040000,1.3161,1.3161,1.3161,1.3161,4.1696,
1678436340000,1.3071,1.3069,1.3071,1.3069,8.361,
1678436640000,1.3118,1.3118,1.3118,1.3118,24.305,
1678443960000,1.2526,1.2548,1.2548,1.2526,10.325,
1678448700000,1.2802,1.2802,1.2802,1.2802,0.14061244,
1678449120000,1.2907,1.2907,1.2907,1.2907,0.13600693,
1678455000000,1.3217,1.3259,1.3262,1.3211,34.599999999999994,
1678457880000,1.3046,1.3046,1.3046,1.3046,2.12047014,
1678459440000,1.294,1.2954,1.2954,1.294,5.427,
1678462380000,1.3191,1.3184,1.3191,1.3184,5.422000000000001,
1678530180000,1.2831,1.2841,1.2841,1.2831,10.0,
1678547940000,1.271,1.271,1.271,1.271,23.428,
1678548000000,1.2644,1.2631,1.2644,1.2631,23.437,
1678636980000,1.3542,1.3516,1.3542,1.3509,27.769,
1678637340000,1.372,1.372,1.372,1.372,27.762,
1678654860000,1.4575,1.46,1.46,1.4575,7.853,
1678655160000,1.4538,1.4538,1.4538,1.4538,20.131,
1678655280000,1.4475,1.446,1.4475,1.446,16.858,
1678655340000,1.4507,1.4492,1.4507,1.4492,11.154,
1678659780000,1.5251,1.5251,1.5251,1.5251,25.54212989,
1678700700000,1.4971,1.4975,1.4975,1.4971,11.532,
1678701540000,1.4844,1.482,1.4844,1.482,13.98878355,
1678701660000,1.4934,1.4958,1.4958,1.4934,41.166,
1678703940000,1.5113,1.5105,1.5113,1.5105,52.628,
1678705560000,1.5077,1.5077,1.5077,1.5077,0.29944378,
1678710600000,1.5093,1.5093,1.5093,1.5093,1.02589975,
1678718460000,1.6555,1.658,1.6589,1.6555,88.65650398,
1678719960000,1.6932,1.6932,1.6932,1.6932,2.23808112,
1678725600000,1.6794,1.6794,1.6794,1.6794,3.5047,
1678727160000,1.6656,1.6656,1.6656,1.6656,0.28050632,
1678728240000,1.6805,1.6805,1.6805,1.6805,0.96101965,
1678749900000,1.6816,1.6816,1.6816,1.6816,1.12596927,
1678778760000,1.7235,1.7235,1.7235,1.7235,0.24980948,
1678780380000,1.7047,1.7047,1.7047,1.7047,0.05695161,
1678892280000,1.6789,1.6789,1.6789,1.6789,4.25091805,
1678896600000,1.5375,1.554,1.5548,1.5375,70.41156031,
1678900680000,1.5467,1.5494,1.5494,1.5467,9.41792918,
1678910460000,1.5708,1.5708,1.5708,1.5708,0.66235129,
1678915800000,1.5761,1.5763,1.5763,1.5756,61.508,
1678915920000,1.5732,1.57,1.5732,1.57,61.493,
1679134560000,1.9552,1.9562,1.9562,1.9552,42.87729596,
1679135340000,1.9172,1.9172,1.9172,1.9172,19.93232176,
1679135400000,1.9042,1.9042,1.9042,1.9042,39.62575092,
1679135460000,1.9081,1.9081,1.9081,1.9081,2.92058836,
1679137260000,1.9833,1.9833,1.9833,1.9833,5.15864408,
1679138100000,2.0152,2.0152,2.0152,2.0152,14.13938656,
1679282700000,1.853,1.8568,1.8568,1.853,3.492,
1679283180000,1.8494,1.8524,1.8524,1.8494,3.754,
1679283240000,1.8486,1.8486,1.8486,1.8486,3.765,
1679284920000,1.8348,1.8339,1.835,1.8308,10.672,
1679291520000,1.8718,1.8679,1.8718,1.8679,3.91,
1679292000000,1.8801,1.8771,1.8801,1.8771,3.753,
1679292060000,1.8856,1.8852,1.8856,1.8852,14.1,
1679382660000,1.7669,1.7669,1.7669,1.7669,5.617,
1679382840000,1.7496,1.7503,1.7503,1.7496,9.744,
1679382900000,1.7555,1.7579,1.7579,1.7555,5.65,
1679383020000,1.765,1.765,1.765,1.765,3.934,
1679386740000,1.7595,1.7604,1.7604,1.7595,3.95,
1679386920000,1.7526,1.7554,1.7554,1.7526,3.961,
1679387100000,1.7458,1.746,1.746,1.7458,11.327,
1679389620000,1.7806,1.7791,1.7806,1.7791,3.968,
1679389800000,1.7827,1.7827,1.7827,1.7827,3.392,
1679391660000,1.7862,1.7881,1.7897,1.7842,18.843,
1679391720000,1.7901,1.7963,1.7963,1.7881,17.98,
1679502060000,1.8954,1.8954,1.8954,1.8954,2.67731381,
1679512260000,1.7985,1.8004,1.8004,1.7985,3.864,
1679512320000,1.7796,1.7832,1.7832,1.7796,33.072,
1679514300000,1.7744,1.7751,1.7751,1.7744,7.249,
1679514360000,1.7621,1.7621,1.7621,1.7621,11.318,
1679517180000,1.79,1.7894,1.79,1.7894,55.433,
1679519100000,1.8045,1.8045,1.8045,1.8045,0.27238419,
1679520240000,1.8042,1.8042,1.8042,1.8042,0.48026775,
1679536500000,1.7855,1.7855,1.7855,1.7855,34.341,
1679543880000,1.7986,1.7986,1.7986,1.7986,8.073,
1679545260000,1.7957,1.7957,1.7957,1.7957,5.612,
1679545320000,1.7974,1.7957,1.7974,1.7957,3.946,
1679545500000,1.7954,1.7954,1.7954,1.7954,3.934,
1679545740000,1.7991,1.7991,1.7991,1.7991,11.205,
1679545800000,1.8002,1.7991,1.8006,1.7991,6.747999999999999,
1679545920000,1.8017,1.7991,1.8017,1.7991,9.375,
1679929860000,1.6252,1.6279,1.6279,1.6252,4.275,
1679931600000,1.6519,1.6487,1.6519,1.6487,5.952999999999999,
1680202620000,1.7271,1.7271,1.7271,1.7271,3.85682539,
1680209820000,1.7444,1.7444,1.7444,1.7444,1.25603655,
1680214680000,1.7395,1.7395,1.7395,1.7395,0.31695567,
1680270540000,1.7629,1.7629,1.7629,1.7629,2.90873275,
1680270900000,1.7718,1.7718,1.7718,1.7718,2.90873275,
1680277920000,1.7888,1.7888,1.7888,1.7888,0.36344012,
1680285120000,1.7598,1.7598,1.7598,1.7598,0.09171262,
1680371340000,1.7216,1.6969,1.7216,1.6969,34.51375314,
1680377340000,1.7199,1.7199,1.7199,1.7199,0.4990409,
1680379980000,1.7115,1.7115,1.7115,1.7115,0.41587623,
1680389760000,1.7396,1.7396,1.7396,1.7396,0.75522434,
1681313100000,1.7,1.7,1.7,1.7,0.06361139,
1681313640000,1.7203,1.7203,1.7203,1.7203,0.30009479,
1681324020000,1.67,1.6711,1.6711,1.67,36.858,
1681327020000,1.6574,1.6583,1.6583,1.6574,15.017,
1681346940000,1.6554,1.6569,1.6584,1.6554,238.7639,
1681347000000,1.6558,1.6558,1.6558,1.6558,36.2926,
1681347060000,1.6558,1.6564,1.6568,1.6558,59.4677,
1681347120000,1.6561,1.6561,1.6564,1.6559,55.9971,
1681347180000,1.6561,1.6562,1.6564,1.6558,62.4988,
1681347240000,1.6596,1.6584,1.6596,1.6578,39.5188,
1681347300000,1.6568,1.656,1.6569,1.656,69.1353,
1681347360000,1.656,1.6571,1.6576,1.656,72.4663,
1681347420000,1.6571,1.6634,1.6634,1.657,521.757021,
1681353600000,1.6651,1.6629,1.6651,1.6629,4.233,
1681356180000,1.6673,1.6669,1.6699,1.6669,8.447000000000001,
1681357500000,1.6774,1.6743,1.6774,1.6743,3.597,
1681357980000,1.6779,1.6779,1.6779,1.6779,7.197,
1681359480000,1.6815,1.6778,1.6815,1.6778,3.588,
1681363080000,1.6806,1.6786,1.6806,1.6786,3.595,
1681363260000,1.6829,1.6821,1.6829,1.6821,3.5860000000000003,
1681366380000,1.6915,1.6896,1.6915,1.6896,3.5660000000000003,
1681366740000,1.6953,1.6936,1.6953,1.6936,3.564,
1681366800000,1.6958,1.6936,1.6958,1.6936,6.104,
1681371600000,1.6908,1.687,1.6908,1.687,3.568,
1681413600000,1.7096,1.708,1.7096,1.708,576.7928625,
1681416060000,1.6952,1.6906,1.6952,1.6906,576.792863,
1681416840000,1.6978,1.6987,1.6987,1.6978,4.096,
1681419240000,1.6992,1.6997,1.6997,1.6992,4.093,
1681426080000,1.702,1.7033,1.7033,1.702,4.081,
1681427580000,1.6987,1.6995,1.6995,1.6987,4.093,
1681434240000,1.7457,1.7426,1.7457,1.7426,3.456,
1681434600000,1.75,1.7472,1.75,1.7472,4.032,
1681434960000,1.7513,1.7496,1.7513,1.7496,6.959,
1681440420000,1.7269,1.7269,1.7269,1.7269,4.029,
1681442700000,1.7532,1.7517,1.7532,1.7517,4.017,
1681449780000,1.773,1.7738,1.7738,1.773,6.1967,
1681449840000,1.7738,1.7735,1.7738,1.7727,73.9367,
1681449900000,1.7735,1.7738,1.7745,1.7735,82.8855,
1681449960000,1.7738,1.7749,1.7752,1.7732,73.7903,
1681450020000,1.7749,1.7785,1.7785,1.7749,412.8293,
1681450080000,1.7785,1.7785,1.7785,1.7785,89.2127,
1681450140000,1.7785,1.775,1.7821,1.775,64.5877,
1681450200000,1.7748,1.776,1.776,1.7747,36.8332,
1681450260000,1.777,1.777,1.777,1.7763,67.695,
1681450320000,1.777,1.7777,1.7777,1.777,52.2769,
1681450380000,1.7777,1.7797,1.7797,1.7777,52.1669,
1681450440000,1.7816,1.7825,1.7828,1.7816,70.4327,
1681450500000,1.7822,1.7818,1.7822,1.7814,18.409302,
1681451400000,1.7813,1.7812,1.7813,1.7798,33.6964,
1681451460000,1.7802,1.7799,1.7806,1.7793,67.416,
1681451520000,1.7799,1.7792,1.7806,1.7789,70.5249,
1681451580000,1.7791,1.7798,1.7801,1.7785,46.0737,
1681451640000,1.7799,1.7813,1.782,1.7796,70.4262,
1681451700000,1.7813,1.7826,1.783,1.7808,70.5348,
1681451760000,1.7826,1.7828,1.7835,1.7824,36.7002,
1681451820000,1.7823,1.7827,1.7867,1.7823,61.2022,
1681451880000,1.7826,1.7806,1.7826,1.7806,67.29899999999999,
1681451940000,1.7806,1.7797,1.7813,1.7797,30.658,
1681452120000,1.829,1.8291,1.8291,1.829,30.83435,
1681476180000,1.7636,1.7937,1.7937,1.7636,3.47,
1681498140000,1.7338,1.7333,1.7338,1.7333,6.252,
1681520460000,1.739,1.7405,1.7405,1.739,40.307,
1681520520000,1.7371,1.7371,1.7371,1.7371,6.812,
1681554840000,1.748,1.7473,1.748,1.7473,5.106,
1681555560000,1.7517,1.751,1.7517,1.751,4.2780000000000005,
1681557120000,1.725,1.7269,1.7269,1.725,4.021,
1681557240000,1.7123,1.7123,1.7123,1.7123,4.032,
1681629420000,1.6677,1.6663,1.6677,1.6663,6.039,
1681630200000,1.6723,1.6699,1.6723,1.6699,12.061,
1681631280000,1.6745,1.6733,1.6745,1.6733,12.056,
1681636020000,1.6634,1.6634,1.6634,1.6634,12.14,
1681645260000,1.6573,1.6578,1.6578,1.6573,6.001,
1681653180000,1.6507,1.6507,1.6507,1.6507,7.24,
1681659060000,1.6646,1.6623,1.6646,1.6623,11.623,
1681663020000,1.6485,1.6502,1.6502,1.6485,7.243,
1681671300000,1.6684,1.6745,1.6767,1.6676,10.705,
1681686420000,1.6925,1.6934,1.6934,1.6925,4.17126732,
1681691940000,1.655,1.655,1.655,1.655,4.171,
1681693860000,1.6797,1.6783,1.6797,1.6783,3.593,
1681745460000,1.6461,1.6449,1.6488,1.6449,12.088,
1681745640000,1.6483,1.6483,1.6483,1.6483,4.219,
1681766220000,1.6337,1.6358,1.6358,1.6337,6.084,
1681766340000,1.6275,1.6284,1.6284,1.6275,12.172999999999998,
1681766460000,1.6284,1.6284,1.6284,1.6284,6.108,
1681785660000,1.6622,1.6585,1.6622,1.6585,10.127,
1681791840000,1.6583,1.6583,1.6583,1.6583,1.03101216,
1681792560000,1.6654,1.6608,1.6654,1.6608,26.330609000000003,
1681795980000,1.6623,1.659,1.6623,1.659,11.107,
1681796040000,1.6664,1.6655,1.6664,1.6655,16.086,
1681796220000,1.6749,1.6749,1.6749,1.6749,0.272554,
1681798500000,1.6513,1.6513,1.6513,1.6513,5.93154,
1681800000000,1.6439,1.6439,1.6439,1.6439,0.56207758,
1681804560000,1.6564,1.6564,1.6564,1.6564,0.496334,
1681806300000,1.6498,1.6498,1.6498,1.6498,15.979,
1681806540000,1.6461,1.6465,1.6465,1.6461,4.227,
1681807440000,1.6425,1.6427,1.6427,1.6425,24.205,
1681813440000,1.6477,1.6477,1.6477,1.6477,0.836412,
1681824120000,1.6379,1.6389,1.6389,1.6379,1.04247538,
1681892760000,1.4835,1.4831,1.4835,1.4831,33.169,
1681898400000,1.4861,1.4861,1.4861,1.4861,5.199,
1681899120000,1.4909,1.4894,1.4909,1.4894,4.117,
1681908180000,1.4817,1.4824,1.4824,1.4817,6.705,
1681908360000,1.4775,1.4789,1.4789,1.4775,4.242,
1681939320000,1.4297,1.4299,1.4299,1.4297,37.576,
1681952400000,1.4431,1.4431,1.4431,1.4431,51.053,
1681958640000,1.43,1.4306,1.4306,1.43,23.94,
1681966980000,1.4367,1.4347,1.4367,1.4347,21.22,
1682002860000,1.4352,1.4353,1.4353,1.4352,6.886,
1682004900000,1.4333,1.435,1.435,1.4326,15.028,
1682005080000,1.435,1.435,1.435,1.435,26.393,
1682010420000,1.3849,1.3849,1.3849,1.3849,4.71409058,
1682012760000,1.3921,1.3897,1.3921,1.3897,51.104,
1682059860000,1.391,1.3913,1.3913,1.391,104.461,
1682062560000,1.3845,1.3906,1.3906,1.3845,6.0,
1682062620000,1.3852,1.3852,1.3852,1.3852,4.2756,
1682062680000,1.3906,1.3867,1.3906,1.3867,11.2832,
1682062740000,1.3932,1.3932,1.3932,1.3932,3.8965,
1682062980000,1.374,1.374,1.374,1.374,5.0,
1682080680000,1.3682,1.365,1.3682,1.365,4.0,
1682080740000,1.365,1.365,1.365,1.365,1.0,
1682080800000,1.365,1.363,1.365,1.363,2.0,
1682080860000,1.364,1.363,1.364,1.363,2.0,
1682080920000,1.359,1.36,1.36,1.359,2.0,
1682080980000,1.362,1.359,1.362,1.359,2.0,
1682081100000,1.359,1.359,1.359,1.359,1.0,
1682081160000,1.359,1.36,1.36,1.359,2.0,
1682081220000,1.362,1.362,1.362,1.362,1.0,
1682081280000,1.36,1.36,1.36,1.36,2.0,
1682081340000,1.36,1.36,1.36,1.36,1.0,
1682081460000,1.36,1.36,1.36,1.36,1.0,
1682081520000,1.36,1.36,1.36,1.36,1.0,
1682081580000,1.36,1.36,1.36,1.36,2.0,
1682103960000,1.3024,1.3024,1.3024,1.3024,16.239,
1682104020000,1.2782,1.2789,1.2789,1.2782,23.443,
1682105220000,1.2493,1.2382,1.2493,1.2382,246.64622996,
1682107140000,1.2402,1.2442,1.2442,1.2402,7.59103618,
1682110080000,1.2265,1.2265,1.2265,1.2265,0.19046898,
1682114340000,1.2371,1.2371,1.2371,1.2371,0.09500523,
1682115120000,1.2413,1.2413,1.2413,1.2413,0.11126422,
1682118840000,1.2397,1.2397,1.2397,1.2397,0.33402821,
1682119620000,1.2422,1.2422,1.2422,1.2422,0.05398014,
1682119680000,1.2422,1.2422,1.2422,1.2422,0.01887939,
1682122980000,1.2385,1.2385,1.2385,1.2385,0.40762397,
1682123640000,1.2335,1.2335,1.2335,1.2335,0.10213888,
1682131920000,1.2546,1.254,1.2546,1.254,143.908,
1682134800000,1.2837,1.3113,1.3113,1.2837,240.72753143,
1682136240000,1.3091,1.3091,1.3091,1.3091,4.65478551,
1682140020000,1.3219,1.3219,1.3219,1.3219,2.01039054,
1682145960000,1.3165,1.3165,1.3165,1.3165,0.05227265,
1682163660000,1.3364,1.3364,1.3364,1.3364,1.78879999,
1682164200000,1.3416,1.3416,1.3416,1.3416,3.7636,
1682164260000,1.3451,1.3451,1.3451,1.3451,0.20507971,
1682164680000,1.3417,1.3417,1.3417,1.3417,0.78194701,
1682188500000,1.3836,1.3856,1.3856,1.3836,6.131,
1682190660000,1.3883,1.3861,1.3883,1.3861,5.077999999999999,
1682192280000,1.3867,1.3877,1.3877,1.3867,5.066,
1682200380000,1.3796,1.3796,1.3796,1.3796,0.34355304,
1682205180000,1.3867,1.3867,1.3867,1.3867,0.18857008,
1682210700000,1.3643,1.3636,1.3643,1.3636,6.353999999999999,
1682222460000,1.3695,1.3706,1.3706,1.3695,5.08,
1682230440000,1.4097,1.409,1.4097,1.409,102.69098727,
1682230500000,1.4169,1.4176,1.4176,1.4169,42.96283177,
1682232780000,1.4072,1.4072,1.4072,1.4072,2.24377165,
1682234040000,1.4046,1.4046,1.4046,1.4046,0.58846959,
1682261580000,1.3863,1.387,1.387,1.3863,5.434,
1682262300000,1.3825,1.3832,1.3832,1.3825,5.034000000000001,
1682263020000,1.3799,1.3833,1.3833,1.3799,5.041,
1682264400000,1.3716,1.3741,1.3741,1.3716,7.246,
1682264880000,1.3709,1.3719,1.3719,1.3709,7.246,
1682266440000,1.3671,1.3697,1.3697,1.3671,7.262,
1682266500000,1.3677,1.3677,1.3677,1.3677,7.259,
1682273100000,1.3606,1.3616,1.3616,1.3606,7.300000000000001,
1682273280000,1.3638,1.3638,1.3638,1.3638,7.293,
1682273940000,1.3608,1.3608,1.3608,1.3608,14.605,
1682274660000,1.3644,1.3662,1.3662,1.3644,7.279,
1682275560000,1.359,1.3585,1.359,1.3585,11.205,
1682275740000,1.3501,1.3509,1.3509,1.3501,8.743,
1682275800000,1.3429,1.3429,1.3429,1.3429,7.401,
1682278620000,1.3601,1.3594,1.3601,1.3594,15.541,
1682278680000,1.363,1.3623,1.363,1.3623,46.211,
1682278920000,1.3633,1.3623,1.3636,1.3623,24.181,
1682317920000,1.3778,1.3778,1.3778,1.3778,10.438,
1682317980000,1.3706,1.3693,1.3706,1.3693,10.434,
1682438760000,1.3252,1.3252,1.3252,1.3252,0.10306374,
1682537220000,1.4427,1.4427,1.4427,1.4427,4.815,
1682537520000,1.4404,1.4284,1.4414,1.4274,27.704,
1682537700000,1.4309,1.4365,1.4365,1.4309,4.86,
1682537940000,1.4115,1.4045,1.4133,1.404,85.202,
1682538960000,1.3677,1.3676,1.3677,1.3676,9.438,
1682542740000,1.3892,1.3915,1.3916,1.3885,23.187,
1682546280000,1.3991,1.3984,1.3991,1.3984,5.064,
1682546340000,1.4018,1.4015,1.4038,1.3984,10.22,
1682546400000,1.4002,1.3985,1.4002,1.3985,7.196,
1682546460000,1.4045,1.4015,1.4045,1.4015,5.018,
1682546880000,1.3989,1.3983,1.3989,1.3983,4.326,
1682552340000,1.3921,1.3942,1.3942,1.3921,25.479,
1682554860000,1.4081,1.4149,1.4153,1.4081,25.855,
1682554920000,1.4171,1.4149,1.4171,1.4149,4.263999999999999,
1682555040000,1.4229,1.4214,1.4229,1.4214,4.959,
1682555160000,1.4266,1.4281,1.4285,1.4251,48.503,
1682626080000,1.4399,1.4421,1.4421,1.4399,33.039,
1682627160000,1.4324,1.4328,1.4328,1.4324,22.457,
1682627280000,1.4315,1.4328,1.4328,1.4315,8.225,
1682627520000,1.4305,1.4328,1.4328,1.4305,8.978,
1682628420000,1.4342,1.4357,1.4357,1.4342,8.591999999999999,
1682628720000,1.4345,1.4357,1.4357,1.4345,7.049,
1682645520000,1.4157,1.4157,1.4157,1.4157,11.116,
1682645640000,1.4166,1.4157,1.4179,1.4157,40.001,
1682645700000,1.4179,1.4157,1.4186,1.4157,37.262,
1682689260000,1.381,1.3823,1.3823,1.381,12.482,
1682689320000,1.3806,1.3763,1.3824,1.3755,82.705,
1682690880000,1.3889,1.3885,1.3889,1.3885,4.925,
1682691240000,1.3908,1.3885,1.3908,1.3885,5.062,
1682691840000,1.3952,1.3938,1.3952,1.3938,4.325,
1682708580000,1.4042,1.403,1.4042,1.403,5.02,
1682714700000,1.4046,1.4029,1.4046,1.4029,5.609,
1682728620000,1.4033,1.4029,1.4033,1.4029,15.079999999999998,
1682728680000,1.4036,1.4029,1.4036,1.4029,15.08,
1682728740000,1.4029,1.4029,1.4029,1.4029,10.965,
1682733720000,1.4027,1.4027,1.4027,1.4027,8.901,
1682733840000,1.4044,1.4027,1.4044,1.4027,4.978,
1682734020000,1.4054,1.4027,1.4054,1.4027,4.294,
1682734800000,1.4063,1.4056,1.4063,1.4056,10.786,
1682783700000,1.4421,1.4443,1.4443,1.4421,347.5,
1682810940000,1.4185,1.4185,1.4185,1.4185,0.60976702,
1682813400000,1.4144,1.4144,1.4144,1.4144,0.15975574,
1682905500000,1.3728,1.3812,1.3812,1.3728,5.061,
1682912820000,1.3759,1.3813,1.3813,1.3759,5.051,
1682915580000,1.3697,1.3671,1.3697,1.3671,7.346,
1682949660000,1.3673,1.3742,1.3742,1.3673,14.063,
1682951760000,1.3705,1.3757,1.3757,1.3705,7.811,
1682954700000,1.3617,1.3664,1.3664,1.3617,5.106,
1682958300000,1.3564,1.3659,1.3659,1.3564,5.123,
1682968320000,1.3533,1.3579,1.3579,1.3533,5.131,
1682968500000,1.3371,1.3472,1.3472,1.3371,11.711,
1682972520000,1.3523,1.3604,1.3604,1.3523,5.138,
1682972760000,1.3487,1.3553,1.3553,1.3487,5.156,
1682980860000,1.369,1.369,1.369,1.369,5.133,
1682988600000,1.361,1.361,1.361,1.361,23.003,
1683018420000,1.3631,1.3698,1.3698,1.3631,5.099,
1683019620000,1.3597,1.3658,1.3658,1.3597,5.117,
1683037860000,1.3639,1.3788,1.3788,1.3639,1.911,
1683037920000,1.3781,1.378,1.3781,1.3753,5.117,
1683037980000,1.3783,1.3752,1.3789,1.3752,0.8819999999999999,
1683038040000,1.3751,1.3706,1.3751,1.3706,0.8819999999999999,
1683038100000,1.373,1.3756,1.3756,1.373,0.735,
1683038160000,1.3752,1.3752,1.3752,1.3752,0.294,
1683038340000,1.3773,1.3752,1.3773,1.3752,4.378,
1683038460000,1.3814,1.3809,1.3814,1.3809,7.058999999999999,
1683038700000,1.3809,1.3809,1.3809,1.3809,4.365,
1683040860000,1.3809,1.3809,1.3809,1.3809,4.363,
1683042120000,1.3853,1.3846,1.3853,1.3846,4.35,
1683042600000,1.3847,1.3847,1.3847,1.3847,3.25121202,
1683043920000,1.3724,1.3724,1.3724,1.3724,15.358,
1683050160000,1.3811,1.3811,1.3811,1.3811,0.08111986,
1683066000000,1.384,1.384,1.384,1.384,37.02873,
1683067020000,1.3762,1.3755,1.3762,1.3755,36.95467254,
1683079560000,1.3638,1.3638,1.3638,1.3638,4.045,
1683083280000,1.3672,1.3672,1.3672,1.3672,0.14413573,
1683089340000,1.3638,1.3638,1.3638,1.3638,0.91248455,
1683098700000,1.3638,1.3638,1.3638,1.3638,0.12991164,
1683098940000,1.3666,1.3666,1.3666,1.3666,0.09830253,
1683099240000,1.3638,1.3637,1.3638,1.3637,0.50711056,
1683099600000,1.3637,1.3637,1.3637,1.3637,0.44629713,
1683115020000,1.3637,1.3637,1.3637,1.3637,3.36719612,
1683115140000,1.3547,1.3547,1.3547,1.3547,0.16478227,
1683116640000,1.3447,1.3447,1.3447,1.3447,0.07624113,
1683138300000,1.4004,1.4004,1.4004,1.4004,2.70764452,
1683144840000,1.4119,1.4119,1.4119,1.4119,0.59640814,
1683220620000,1.4119,1.4119,1.4119,1.4119,0.67813696,
1683308760000,1.4141,1.4141,1.4141,1.4141,1.79875609,
1683309840000,1.4122,1.4122,1.4122,1.4122,0.12251704,
1683309900000,1.4122,1.4122,1.4122,1.4122,0.02022576,
1683310800000,1.4056,1.4056,1.4056,1.4056,0.15323746,
1683312120000,1.4,1.4,1.4,1.4,0.04042008,
1683356700000,1.3512,1.3512,1.3512,1.3512,5.19238745,
1683728640000,1.257,1.2561,1.257,1.2561,5.07786753,
1683845040000,1.1944,1.1944,1.1944,1.1944,0.03339101,
1683846660000,1.188,1.188,1.188,1.188,0.19516383,
1683852240000,1.1931,1.1931,1.1931,1.1931,0.0564654,
1683919560000,1.1571,1.1554,1.1571,1.1554,6.06712463,
1684142880000,1.25,1.25,1.25,1.25,1.7148685,
1684145940000,1.2482,1.2482,1.2482,1.2482,5.62827751,
1684146540000,1.2593,1.2593,1.2593,1.2593,4.71965564,
1684147020000,1.2567,1.2567,1.2567,1.2567,0.17992901,
1684157040000,1.2567,1.2567,1.2567,1.2567,0.02281738,
1684237560000,1.2216,1.2216,1.2216,1.2216,0.01704671,
1684238640000,1.2213,1.2213,1.2213,1.2213,0.00486692,
1684239060000,1.2204,1.2204,1.2204,1.2204,0.01701513,
1684317720000,1.2359,1.2359,1.2359,1.2359,1.68291745,
1684324440000,1.2225,1.2225,1.2225,1.2225,17.28369,
1684332780000,1.2136,1.2136,1.2136,1.2136,0.90555197,
1684334760000,1.2053,1.2053,1.2053,1.2053,1.6831848,
1684339980000,1.2134,1.2134,1.2134,1.2134,0.08163409,
1684341300000,1.2114,1.2114,1.2114,1.2114,0.03963538,
1684344060000,1.2164,1.2164,1.2164,1.2164,0.13663028,
1684352220000,1.2593,1.2632,1.2632,1.2593,5.0,
1684390080000,1.223,1.2168,1.223,1.2168,0.71262275,
1684401120000,1.2207,1.2207,1.2207,1.2207,0.65393735,
1684408680000,1.2164,1.2164,1.2164,1.2164,0.57331644,
1684409100000,1.218,1.218,1.218,1.218,0.09760853,
1684509120000,1.1711,1.1711,1.1711,1.1711,0.02914859,
1684510380000,1.1723,1.1723,1.1723,1.1723,1.45836951,
1684510680000,1.1732,1.1732,1.1732,1.1732,0.42306154,
1684602120000,1.184,1.184,1.184,1.184,0.37827065,
1684604040000,1.1878,1.1878,1.1878,1.1878,0.02341343,
1684670400000,1.1538,1.1538,1.1538,1.1538,0.0681252,
1684679820000,1.1861,1.1861,1.1861,1.1861,0.27078622,
1684684800000,1.1622,1.1622,1.1622,1.1622,0.01567879,
1684703040000,1.1641,1.1641,1.1641,1.1641,0.21167448,
1684704840000,1.1612,1.1612,1.1612,1.1612,0.71473531,
1684712040000,1.1609,1.1609,1.1609,1.1609,0.8149252100000001,
1684746840000,1.1472,1.1472,1.1472,1.1472,0.45159398,
1684749660000,1.153,1.153,1.153,1.153,0.13100386,
1684785480000,1.1447,1.1447,1.1447,1.1447,0.0388158,
1684785840000,1.146,1.146,1.146,1.146,0.13380507,
1684818300000,1.1724,1.1724,1.1724,1.1724,1.9816471,
1684823640000,1.1734,1.1734,1.1734,1.1734,0.61379495,
1684873500000,1.1652,1.1652,1.1652,1.1652,0.23346689,
1684874220000,1.1592,1.1592,1.1592,1.1592,0.04366104,
1684920720000,1.1376,1.1376,1.1376,1.1376,0.17974822,
1684923660000,1.1288,1.1289,1.1292,1.1286,25.318204,
1684923720000,1.1289,1.1292,1.1292,1.1289,16.996372,
1684923780000,1.1295,1.1286,1.1295,1.1286,13.376223,
1684929420000,1.0975,1.0975,1.0975,1.0975,3.553916,
1684936440000,1.0413,1.0413,1.0413,1.0413,11.195239,
1684937220000,1.0334,1.034,1.034,1.0334,13.42362935,
1684939260000,1.036,1.036,1.036,1.036,1.494751,
1684939560000,1.0372,1.0372,1.0372,1.0372,0.30787621,
1684941060000,1.0334,1.0334,1.0334,1.0334,0.17579559,
1684942920000,1.043,1.043,1.043,1.043,0.30940886,
1684943640000,1.0424,1.0424,1.0424,1.0424,1.08304939,
1684944960000,1.0344,1.0344,1.0344,1.0344,0.17289078,
1684969860000,1.0373,1.0373,1.0373,1.0373,3.413732,
1684971420000,1.0365,1.0365,1.0365,1.0365,2.324168,
1684978680000,1.0202,1.0208,1.0208,1.0202,2.8142432900000003,
1685005920000,1.0349,1.0349,1.0349,1.0349,1.0,
1685005980000,1.0349,1.0349,1.0349,1.0349,1.0,
1685026380000,1.0308,1.0308,1.0308,1.0308,0.77222253,
1685026800000,1.0357,1.0357,1.0357,1.0357,2.34073942,
1685050140000,1.0372,1.0372,1.0372,1.0372,3.0,
1685050980000,1.0389,1.0389,1.0389,1.0389,0.24336748,
1685051220000,1.0389,1.0389,1.0389,1.0389,0.73768869,
1685083260000,1.0339,1.0327,1.0339,1.0327,96.0,
