time,open,close,high,low,volume
1685775600000,2.8e-07,2.8e-07,2.8e-07,2.8e-07,0.0015807
1685776680000,2.8e-07,2.8e-07,2.8e-07,2.8e-07,0.0013522
1685777760000,2.8e-07,2.8e-07,2.8e-07,2.8e-07,0.0016226
1685778840000,2.8e-07,2.8e-07,2.8e-07,2.8e-07,0.001512
1685779200000,2.9e-07,2.9e-07,2.9e-07,2.9e-07,0.0013715
1685780220000,2.8e-07,2.8e-07,2.8e-07,2.8e-07,0.0012158
1685781240000,2.8e-07,2.8e-07,2.8e-07,2.8e-07,0.0011357
1685782260000,2.8e-07,2.8e-07,2.8e-07,2.8e-07,0.0012936
1685783460000,2.8e-07,2.8e-07,2.8e-07,2.8e-07,0.0016639
1685784240000,2.8e-07,2.8e-07,2.8e-07,2.8e-07,0.0019753
1685785320000,2.8e-07,2.8e-07,2.8e-07,2.8e-07,0.0017273
1685786400000,2.8e-07,2.8e-07,2.8e-07,2.8e-07,0.0019035
1685787540000,2.8e-07,2.8e-07,2.8e-07,2.8e-07,0.001703
1685788560000,2.8e-07,2.8e-07,2.8e-07,2.8e-07,0.001832
1685789340000,2.8e-07,2.8e-07,2.8e-07,2.8e-07,0.0012135
1685790360000,2.8e-07,2.8e-07,2.8e-07,2.8e-07,0.0016413
1685791140000,2.8e-07,2.8e-07,2.8e-07,2.8e-07,0.0016024
1685792220000,2.8e-07,2.8e-07,2.8e-07,2.8e-07,0.0017414
1685793480000,2.9e-07,2.9e-07,2.9e-07,2.9e-07,98089094.875045
1685794320000,2.8e-07,2.8e-07,2.8e-07,2.8e-07,0.0016042
1685795460000,2.8e-07,2.8e-07,2.8e-07,2.8e-07,0.0010416
1685796240000,2.8e-07,2.8e-07,2.8e-07,2.8e-07,0.0011292
1685797380000,2.8e-07,2.8e-07,2.8e-07,2.8e-07,0.0013896
1685798520000,2.8e-07,2.8e-07,2.8e-07,2.8e-07,0.0017069
1685799000000,2.8e-07,2.8e-07,2.8e-07,2.8e-07,0.00318646
1685799960000,2.8e-07,2.8e-07,2.8e-07,2.8e-07,0.0015624
1685801040000,2.8e-07,2.8e-07,2.8e-07,2.8e-07,0.0012964
1685802120000,2.8e-07,2.8e-07,2.8e-07,2.8e-07,0.0010146
1685803260000,2.8e-07,2.8e-07,2.8e-07,2.8e-07,0.0010156
1685804400000,2.8e-07,2.8e-07,2.8e-07,2.8e-07,0.0013951
1685805480000,2.8e-07,2.8e-07,2.8e-07,2.8e-07,0.0017522
1685806560000,2.8e-07,2.8e-07,2.8e-07,2.8e-07,0.0016701
1685807700000,2.8e-07,2.8e-07,2.8e-07,2.8e-07,0.0010674
1685808000000,2.9e-07,2.9e-07,2.9e-07,2.9e-07,0.0014983
1685808780000,2.8e-07,2.8e-07,2.8e-07,2.8e-07,0.0011363
1685809860000,2.8e-07,2.8e-07,2.8e-07,2.8e-07,0.0019343
1685811120000,2.8e-07,2.8e-07,2.8e-07,2.8e-07,0.0017047
1685811900000,2.8e-07,2.8e-07,2.8e-07,2.8e-07,0.0018461
1685812860000,2.8e-07,2.8e-07,2.8e-07,2.8e-07,0.0018952
1685815200000,2.8e-07,2.8e-07,2.8e-07,2.8e-07,0.001807
1685816340000,2.8e-07,2.8e-07,2.8e-07,2.8e-07,0.0016952
1685817540000,2.8e-07,2.8e-07,2.8e-07,2.8e-07,0.0015262
1685818380000,2.8e-07,2.8e-07,2.8e-07,2.8e-07,0.0014609
1685819160000,2.8e-07,2.8e-07,2.8e-07,2.8e-07,0.0019433
1685820000000,2.8e-07,2.8e-07,2.8e-07,2.8e-07,0.001068
1685820780000,2.8e-07,2.8e-07,2.8e-07,2.8e-07,0.0016327
1685821620000,2.8e-07,2.8e-07,2.8e-07,2.8e-07,0.0017613
1685822100000,2.9e-07,2.9e-07,2.9e-07,2.9e-07,0.0016724
1685823240000,2.8e-07,2.8e-07,2.8e-07,2.8e-07,0.0018991
1685824320000,2.8e-07,2.8e-07,2.8e-07,2.8e-07,0.0012068
1685824680000,2.9e-07,2.9e-07,2.9e-07,2.9e-07,0.0016241
1685825700000,2.8e-07,2.8e-07,2.8e-07,2.8e-07,0.0013495
1685826600000,2.8e-07,2.8e-07,2.8e-07,2.8e-07,0.0017596
1685827320000,2.8e-07,2.8e-07,2.8e-07,2.8e-07,0.0015288
1685828100000,2.8e-07,2.8e-07,2.8e-07,2.8e-07,0.0014568
1685828940000,2.8e-07,2.8e-07,2.8e-07,2.8e-07,0.0014997
1685829960000,2.8e-07,2.8e-07,2.8e-07,2.8e-07,0.0011153
1685830260000,2.9e-07,2.9e-07,2.9e-07,2.9e-07,0.0017061
1685831580000,2.8e-07,2.8e-07,2.8e-07,2.8e-07,0.0015443
1685832420000,2.8e-07,2.8e-07,2.8e-07,2.8e-07,0.0012966
1685833260000,2.8e-07,2.8e-07,2.8e-07,2.8e-07,0.001416
1685834160000,2.8e-07,2.8e-07,2.8e-07,2.8e-07,0.0012269
1685835000000,2.8e-07,2.8e-07,2.8e-07,2.8e-07,0.0014916
1685835480000,2.9e-07,2.9e-07,2.9e-07,2.9e-07,0.001233
1685836260000,2.8e-07,2.8e-07,2.8e-07,2.8e-07,0.0010536
1685836560000,2.9e-07,2.9e-07,2.9e-07,2.9e-07,0.001196
1685836620000,2.8e-07,2.8e-07,2.8e-07,2.8e-07,0.00322789
1685837640000,2.8e-07,2.8e-07,2.8e-07,2.8e-07,0.0010481
1685838000000,2.9e-07,2.9e-07,2.9e-07,2.9e-07,0.0014028
1685838900000,2.8e-07,2.8e-07,2.8e-07,2.8e-07,0.0010967
1685840100000,2.8e-07,2.8e-07,2.8e-07,2.8e-07,0.0011729
1685841300000,2.8e-07,2.8e-07,2.8e-07,2.8e-07,0.0019881
1685841660000,2.9e-07,2.9e-07,2.9e-07,2.9e-07,0.001119
1685842920000,2.8e-07,2.8e-07,2.8e-07,2.8e-07,0.0017003
1685843820000,2.9e-07,2.9e-07,2.9e-07,2.9e-07,17160982.26006234
1685844060000,2.8e-07,2.8e-07,2.8e-07,2.8e-07,17160982.2673471
1685845020000,2.8e-07,2.8e-07,2.8e-07,2.8e-07,0.0014621
1685845920000,2.9e-07,2.9e-07,2.9e-07,2.9e-07,4525862.06896548
1685847000000,2.8e-07,2.8e-07,2.8e-07,2.8e-07,0.0016686
1685847900000,2.8e-07,2.8e-07,2.8e-07,2.8e-07,0.0012899
1685849100000,2.8e-07,2.8e-07,2.8e-07,2.8e-07,0.001871
1685849460000,2.9e-07,2.9e-07,2.9e-07,2.9e-07,17160982.26465231
1685849700000,2.9e-07,2.9e-07,2.9e-07,2.9e-07,0.0019612
1685850840000,2.8e-07,2.8e-07,2.8e-07,2.8e-07,0.0011274
1685851380000,2.9e-07,2.9e-07,2.9e-07,2.9e-07,0.0011818
1685852520000,2.8e-07,2.8e-07,2.8e-07,2.8e-07,0.0019745
1685853600000,2.8e-07,2.8e-07,2.8e-07,2.8e-07,0.0014463
1685854440000,2.8e-07,2.8e-07,2.8e-07,2.8e-07,0.0013683
1685855580000,2.8e-07,2.8e-07,2.8e-07,2.8e-07,0.0016054
1685856660000,2.8e-07,2.8e-07,2.8e-07,2.8e-07,0.0015212
1685856960000,2.9e-07,2.9e-07,2.9e-07,2.9e-07,0.0015739
1685858040000,2.8e-07,2.8e-07,2.8e-07,2.8e-07,0.0019097
1685858460000,2.9e-07,2.9e-07,2.9e-07,2.9e-07,0.0010576
1685859540000,2.8e-07,2.8e-07,2.8e-07,2.8e-07,0.0015279
1685859780000,2.9e-07,2.9e-07,2.9e-07,2.9e-07,17160982.2673471
1685860560000,2.8e-07,2.8e-07,2.8e-07,2.8e-07,0.0016164
1685860920000,2.9e-07,2.9e-07,2.9e-07,2.9e-07,0.0010657
1685862180000,2.8e-07,2.8e-07,2.8e-07,2.8e-07,0.0010397
1685863080000,2.8e-07,2.8e-07,2.8e-07,2.8e-07,0.0016368
1685864340000,2.8e-07,2.8e-07,2.8e-07,2.8e-07,0.0014943
1685865600000,2.8e-07,2.8e-07,2.8e-07,2.8e-07,0.0012218
1685866800000,2.8e-07,2.8e-07,2.8e-07,2.8e-07,0.0010096
1685866980000,2.8e-07,2.8e-07,2.8e-07,2.8e-07,0.0023213
1685867520000,2.9e-07,2.9e-07,2.9e-07,2.9e-07,4525862.06896548
1685868600000,2.8e-07,2.8e-07,2.8e-07,2.8e-07,0.0019921
1685868960000,2.9e-07,2.9e-07,2.9e-07,2.9e-07,0.0016794
1685870100000,2.8e-07,2.8e-07,2.8e-07,2.8e-07,0.0011626
1685870940000,2.8e-07,2.8e-07,2.8e-07,2.8e-07,0.0011721
1685871240000,2.9e-07,2.9e-07,2.9e-07,2.9e-07,0.0010331
1685872200000,2.8e-07,2.8e-07,2.8e-07,2.8e-07,0.0017338
1685873400000,2.8e-07,2.8e-07,2.8e-07,2.8e-07,0.0017914
1685874420000,2.8e-07,2.8e-07,2.8e-07,2.8e-07,0.0019713
1685874900000,2.9e-07,2.9e-07,2.9e-07,2.9e-07,0.001719
1685875800000,2.8e-07,2.8e-07,2.8e-07,2.8e-07,0.0018206
1685876580000,2.8e-07,2.8e-07,2.8e-07,2.8e-07,0.0011096
1685877480000,2.8e-07,2.8e-07,2.8e-07,2.8e-07,0.0014469
1685878560000,2.8e-07,2.8e-07,2.8e-07,2.8e-07,0.0018447
1685879580000,2.8e-07,2.8e-07,2.8e-07,2.8e-07,0.0016522
1685880720000,2.8e-07,2.8e-07,2.8e-07,2.8e-07,0.0017378
1685881080000,2.9e-07,2.9e-07,2.9e-07,2.9e-07,0.001885
1685881920000,2.8e-07,2.8e-07,2.8e-07,2.8e-07,0.0019426
1685882280000,2.9e-07,2.9e-07,2.9e-07,2.9e-07,0.001599
1685883420000,2.8e-07,2.8e-07,2.8e-07,2.8e-07,0.0017624
1685884620000,2.8e-07,2.8e-07,2.8e-07,2.8e-07,0.0016842
1685885640000,2.8e-07,2.8e-07,2.8e-07,2.8e-07,0.0016475
1685886900000,2.8e-07,2.8e-07,2.8e-07,2.8e-07,0.0016152
1685887320000,2.9e-07,2.9e-07,2.9e-07,2.9e-07,0.0018493
1685888520000,2.8e-07,2.8e-07,2.8e-07,2.8e-07,0.001305
1685889060000,2.9e-07,2.9e-07,2.9e-07,2.9e-07,4525862.06896548
1685890140000,2.8e-07,2.8e-07,2.8e-07,2.8e-07,0.0010439
1685891160000,2.8e-07,2.8e-07,2.8e-07,2.8e-07,0.0014561
1685892000000,2.8e-07,2.8e-07,2.8e-07,2.8e-07,0.0014279
1685892780000,2.8e-07,2.8e-07,2.8e-07,2.8e-07,0.0011526
1685893560000,2.8e-07,2.8e-07,2.8e-07,2.8e-07,0.0010472
1685894700000,2.8e-07,2.8e-07,2.8e-07,2.8e-07,0.0016479
1685895600000,2.9e-07,2.9e-07,2.9e-07,2.9e-07,17160982.2593168
1685896680000,2.8e-07,2.8e-07,2.8e-07,2.8e-07,0.0012163
1685897460000,2.8e-07,2.8e-07,2.8e-07,2.8e-07,0.0013126
1685898240000,2.8e-07,2.8e-07,2.8e-07,2.8e-07,0.00176838
1685899140000,2.8e-07,2.8e-07,2.8e-07,2.8e-07,0.0010861
1685899980000,2.8e-07,2.8e-07,2.8e-07,2.8e-07,0.001787
1685900820000,2.8e-07,2.8e-07,2.8e-07,2.8e-07,0.0019875
1685902080000,2.8e-07,2.8e-07,2.8e-07,2.8e-07,0.0012304
1685902860000,2.8e-07,2.8e-07,2.8e-07,2.8e-07,0.00475109
1685903700000,2.8e-07,2.8e-07,2.8e-07,2.8e-07,0.0016457
1685904060000,2.9e-07,2.9e-07,2.9e-07,2.9e-07,0.0015081
1685905080000,2.8e-07,2.8e-07,2.8e-07,2.8e-07,0.0016465
1685906160000,2.8e-07,2.8e-07,2.8e-07,2.8e-07,0.0017606
1685906640000,2.9e-07,2.9e-07,2.9e-07,2.9e-07,0.0016499
1685907480000,2.8e-07,2.8e-07,2.8e-07,2.8e-07,0.0018032
1685907900000,2.9e-07,2.9e-07,2.9e-07,2.9e-07,0.001111
1685908800000,2.8e-07,2.8e-07,2.8e-07,2.8e-07,0.0018021
1685909940000,2.8e-07,2.8e-07,2.8e-07,2.8e-07,0.0015495
1685911140000,2.8e-07,2.8e-07,2.8e-07,2.8e-07,0.0017353
1685912160000,2.8e-07,2.8e-07,2.8e-07,2.8e-07,0.0010487
1685912520000,2.9e-07,2.9e-07,2.9e-07,2.9e-07,0.0018298
1685912700000,2.8e-07,2.8e-07,2.8e-07,2.8e-07,21686844.34528649
1685913660000,2.8e-07,2.8e-07,2.8e-07,2.8e-07,0.0011485
1685914860000,2.8e-07,2.8e-07,2.8e-07,2.8e-07,0.0016793
1685915760000,2.8e-07,2.8e-07,2.8e-07,2.8e-07,0.0015393
1685915940000,2.9e-07,2.9e-07,2.9e-07,2.9e-07,4525862.06896548
1685916240000,2.9e-07,2.9e-07,2.9e-07,2.9e-07,0.001126
1685917500000,2.8e-07,2.8e-07,2.8e-07,2.8e-07,0.0018549
1685918340000,2.8e-07,2.8e-07,2.8e-07,2.8e-07,0.0019672
1685919480000,2.8e-07,2.8e-07,2.8e-07,2.8e-07,0.0013776
1685920620000,2.8e-07,2.8e-07,2.8e-07,2.8e-07,0.001103
1685921760000,2.8e-07,2.8e-07,2.8e-07,2.8e-07,0.0010304
1685922900000,2.8e-07,2.8e-07,2.8e-07,2.8e-07,0.0013531
1685923800000,2.8e-07,2.8e-07,2.8e-07,2.8e-07,0.0016866
1685924160000,2.9e-07,2.9e-07,2.9e-07,2.9e-07,0.0015138
1685925300000,2.8e-07,2.8e-07,2.8e-07,2.8e-07,0.0018368
1685926080000,2.8e-07,2.8e-07,2.8e-07,2.8e-07,0.001655
1685927040000,2.8e-07,2.8e-07,2.8e-07,2.8e-07,0.0018226
1685928240000,2.8e-07,2.8e-07,2.8e-07,2.8e-07,0.0016354
1685929440000,2.8e-07,2.8e-07,2.8e-07,2.8e-07,0.0012193
1685930220000,2.8e-07,2.8e-07,2.8e-07,2.8e-07,0.0011884
1685931300000,2.8e-07,2.8e-07,2.8e-07,2.8e-07,0.0011052
1685932620000,2.8e-07,2.8e-07,2.8e-07,2.8e-07,0.0015739
1685932980000,2.9e-07,2.9e-07,2.9e-07,2.9e-07,0.0014105
1685933820000,2.8e-07,2.8e-07,2.8e-07,2.8e-07,0.0018563
1685934720000,2.8e-07,2.8e-07,2.8e-07,2.8e-07,0.0012782
1685935860000,2.8e-07,2.8e-07,2.8e-07,2.8e-07,0.0010549
1685937000000,2.8e-07,2.8e-07,2.8e-07,2.8e-07,0.0017312
1685937900000,2.8e-07,2.8e-07,2.8e-07,2.8e-07,0.0011135
1685938260000,2.9e-07,2.9e-07,2.9e-07,2.9e-07,0.001645
1685939100000,2.8e-07,2.8e-07,2.8e-07,2.8e-07,0.0019109
1685940000000,2.8e-07,2.8e-07,2.8e-07,2.8e-07,0.0018448
1685941200000,2.8e-07,2.8e-07,2.8e-07,2.8e-07,0.0013478
1685942280000,2.8e-07,2.8e-07,2.8e-07,2.8e-07,0.001989
1685943060000,2.8e-07,2.8e-07,2.8e-07,2.8e-07,0.001613
1685943900000,2.8e-07,2.8e-07,2.8e-07,2.8e-07,0.0012968
1685944680000,2.8e-07,2.8e-07,2.8e-07,2.8e-07,0.0017275
1685945760000,2.9e-07,2.9e-07,2.9e-07,2.9e-07,4525862.06896548
1685946660000,2.8e-07,2.8e-07,2.8e-07,2.8e-07,0.0016846
1685947020000,2.9e-07,2.9e-07,2.9e-07,2.9e-07,0.0014161
1685947740000,2.8e-07,2.8e-07,2.8e-07,2.8e-07,0.0015538
1685948880000,2.8e-07,2.8e-07,2.8e-07,2.8e-07,0.0012004
1685949240000,2.9e-07,2.9e-07,2.9e-07,2.9e-07,0.001655
1685950020000,2.8e-07,2.8e-07,2.8e-07,2.8e-07,0.0015309
1685951160000,2.8e-07,2.8e-07,2.8e-07,2.8e-07,0.0019618
1685952420000,2.8e-07,2.8e-07,2.8e-07,2.8e-07,0.0015512
1685953560000,2.8e-07,2.8e-07,2.8e-07,2.8e-07,0.0011799
1685954820000,2.8e-07,2.8e-07,2.8e-07,2.8e-07,0.0016846
1685955600000,2.8e-07,2.8e-07,2.8e-07,2.8e-07,0.0018642
1685956440000,2.8e-07,2.8e-07,2.8e-07,2.8e-07,0.0018398
1685956860000,2.9e-07,2.9e-07,2.9e-07,2.9e-07,0.0014177
1685957280000,2.8e-07,2.8e-07,2.8e-07,2.8e-07,17160982.2673471
1685958360000,2.8e-07,2.8e-07,2.8e-07,2.8e-07,0.0017004
1685958780000,2.9e-07,2.9e-07,2.9e-07,2.9e-07,0.0018393
1685958960000,2.8e-07,2.8e-07,2.8e-07,2.8e-07,4525862.06896549
1685959080000,2.8e-07,2.8e-07,2.8e-07,2.8e-07,1077787899.925035
1685959980000,2.8e-07,2.8e-07,2.8e-07,2.8e-07,0.00151691
1685960340000,2.9e-07,2.9e-07,2.9e-07,2.9e-07,0.0015788
1685960400000,2.8e-07,2.8e-07,2.8e-07,2.8e-07,17160982.2673471
1685961000000,2.9e-07,2.9e-07,2.9e-07,2.9e-07,10410688.84520705
1685962020000,2.8e-07,2.8e-07,2.8e-07,2.8e-07,0.0015294
1685962440000,2.8e-07,2.8e-07,2.8e-07,2.8e-07,685000000.0
1685963100000,2.9e-07,2.9e-07,2.9e-07,2.9e-07,4525862.06896548
1685963520000,2.8e-07,2.7e-07,2.8e-07,2.7e-07,4525862.06896549
1685964600000,2.7e-07,2.7e-07,2.7e-07,2.7e-07,0.0018167
1685965500000,2.7e-07,2.7e-07,2.7e-07,2.7e-07,0.0014261
1685966700000,2.7e-07,2.7e-07,2.7e-07,2.7e-07,0.0017249
1685967960000,2.7e-07,2.7e-07,2.7e-07,2.7e-07,0.0015924
1685969160000,2.7e-07,2.7e-07,2.7e-07,2.7e-07,0.0016008
1685970300000,2.7e-07,2.7e-07,2.7e-07,2.7e-07,0.0014184
1685971080000,2.7e-07,2.7e-07,2.7e-07,2.7e-07,0.0013301
1685971800000,2.7e-07,2.7e-07,2.7e-07,2.7e-07,0.0014091
1685972700000,2.7e-07,2.7e-07,2.7e-07,2.7e-07,0.0018173
1685973780000,2.7e-07,2.7e-07,2.7e-07,2.7e-07,0.0016026
1685974980000,2.7e-07,2.7e-07,2.7e-07,2.7e-07,0.00187786
1685976180000,2.7e-07,2.7e-07,2.7e-07,2.7e-07,0.0016094
1685977320000,2.7e-07,2.7e-07,2.7e-07,2.7e-07,0.0015922
1685978280000,2.7e-07,2.7e-07,2.7e-07,2.7e-07,0.0015287
1685979180000,2.7e-07,2.7e-07,2.7e-07,2.7e-07,0.0013103
1685980440000,2.7e-07,2.7e-07,2.7e-07,2.7e-07,0.0012427
1685981040000,2.7e-07,2.7e-07,2.7e-07,2.7e-07,1331616.45834905
1685981880000,2.6e-07,2.6e-07,2.6e-07,2.6e-07,0.0018068
1685983320000,2.6e-07,2.6e-07,2.6e-07,2.6e-07,0.0015545
1685984340000,2.6e-07,2.6e-07,2.6e-07,2.6e-07,0.0018759
1685985240000,2.6e-07,2.4e-07,2.6e-07,2.4e-07,697225515.751979
1685986080000,2.5e-07,2.5e-07,2.5e-07,2.5e-07,0.0016665
1685987280000,2.5e-07,2.5e-07,2.5e-07,2.5e-07,0.0019916
1685988480000,2.5e-07,2.5e-07,2.5e-07,2.5e-07,0.001485
1685988900000,2.6e-07,2.6e-07,2.6e-07,2.6e-07,0.0016266
1685990100000,2.5e-07,2.5e-07,2.5e-07,2.5e-07,0.0016233
1685991000000,2.5e-07,2.5e-07,2.5e-07,2.5e-07,0.0015965
1685992200000,2.5e-07,2.5e-07,2.5e-07,2.5e-07,0.0013289
1685992380000,2.5e-07,2.5e-07,2.5e-07,2.5e-07,54487475.977108
1685992920000,2.5e-07,2.5e-07,2.5e-07,2.5e-07,227966321.028617
1685993880000,2.5e-07,2.5e-07,2.5e-07,2.5e-07,0.0017731
1685994240000,2.6e-07,2.6e-07,2.6e-07,2.6e-07,0.0010174
1685995260000,2.5e-07,2.5e-07,2.5e-07,2.5e-07,58613802.668888
1685996280000,2.5e-07,2.5e-07,2.5e-07,2.5e-07,0.001183
1685996760000,2.6e-07,2.6e-07,2.6e-07,2.6e-07,160000000.0
1685997900000,2.5e-07,2.5e-07,2.5e-07,2.5e-07,0.0010803
1685998680000,2.5e-07,2.5e-07,2.5e-07,2.5e-07,0.0018275
1685999640000,2.6e-07,2.6e-07,2.6e-07,2.6e-07,0.001703
1686000000000,2.7e-07,2.7e-07,2.7e-07,2.7e-07,0.0012879
1686001020000,2.6e-07,2.6e-07,2.6e-07,2.6e-07,0.0018892
1686001860000,2.6e-07,2.6e-07,2.6e-07,2.6e-07,0.0011444
1686002280000,2.7e-07,2.7e-07,2.7e-07,2.7e-07,0.0017848
1686002820000,2.6e-07,2.6e-07,2.6e-07,2.6e-07,38476935.85296214
1686003000000,2.6e-07,2.5e-07,2.6e-07,2.5e-07,5653846.15384611
1686003840000,2.5e-07,2.5e-07,2.5e-07,2.5e-07,0.0013866
1686004200000,2.6e-07,2.6e-07,2.6e-07,2.6e-07,0.0019343
1686005040000,2.5e-07,2.5e-07,2.5e-07,2.5e-07,0.0018364
1686006180000,2.5e-07,2.5e-07,2.5e-07,2.5e-07,0.0015278
1686007020000,2.5e-07,2.5e-07,2.5e-07,2.5e-07,0.0011384
1686008160000,2.5e-07,2.5e-07,2.5e-07,2.5e-07,0.0012207
1686009360000,2.5e-07,2.5e-07,2.5e-07,2.5e-07,0.0019121
1686010260000,2.6e-07,2.6e-07,2.6e-07,2.6e-07,5653846.15384611
1686011040000,2.5e-07,2.5e-07,2.5e-07,2.5e-07,5653846.15384611
1686012240000,2.5e-07,2.5e-07,2.5e-07,2.5e-07,0.0014396
1686013380000,2.5e-07,2.5e-07,2.5e-07,2.5e-07,0.0018644
1686014520000,2.5e-07,2.5e-07,2.5e-07,2.5e-07,0.0018769
1686014940000,2.6e-07,2.6e-07,2.6e-07,2.6e-07,0.0016785
1686015780000,2.5e-07,2.5e-07,2.5e-07,2.5e-07,0.0013531
1686016560000,2.5e-07,2.5e-07,2.5e-07,2.5e-07,0.0015105
1686017580000,2.5e-07,2.5e-07,2.5e-07,2.5e-07,0.001129
1686018240000,2.6e-07,2.6e-07,2.6e-07,2.6e-07,5653846.15384611
1686019260000,2.5e-07,2.5e-07,2.5e-07,2.5e-07,0.0019904
1686019680000,2.6e-07,2.6e-07,2.6e-07,2.6e-07,0.0015653
1686020580000,2.5e-07,2.5e-07,2.5e-07,2.5e-07,0.0017941
1686021000000,2.6e-07,2.6e-07,2.6e-07,2.6e-07,0.0014878
1686021960000,2.5e-07,2.5e-07,2.5e-07,2.5e-07,0.0014562
1686023160000,2.5e-07,2.5e-07,2.5e-07,2.5e-07,0.0012564
1686024360000,2.5e-07,2.5e-07,2.5e-07,2.5e-07,0.001428
1686025620000,2.5e-07,2.5e-07,2.5e-07,2.5e-07,0.0017889
1686026100000,2.6e-07,2.6e-07,2.6e-07,2.6e-07,0.0012279
1686026940000,2.5e-07,2.5e-07,2.5e-07,2.5e-07,0.0011902
1686027360000,2.6e-07,2.6e-07,2.6e-07,2.6e-07,0.0018978
1686028200000,2.5e-07,2.5e-07,2.5e-07,2.5e-07,0.0015609
1686029040000,2.5e-07,2.5e-07,2.5e-07,2.5e-07,0.0016776
1686030240000,2.5e-07,2.5e-07,2.5e-07,2.5e-07,0.0016682
1686031440000,2.5e-07,2.5e-07,2.5e-07,2.5e-07,0.0017975
1686032580000,2.5e-07,2.5e-07,2.5e-07,2.5e-07,0.0012539
1686033420000,2.5e-07,2.5e-07,2.5e-07,2.5e-07,0.0018683
1686034560000,2.5e-07,2.5e-07,2.5e-07,2.5e-07,0.0011572
1686035760000,2.5e-07,2.5e-07,2.5e-07,2.5e-07,0.0018507
1686036600000,2.5e-07,2.5e-07,2.5e-07,2.5e-07,0.0012159
1686037440000,2.5e-07,2.5e-07,2.5e-07,2.5e-07,0.0019476
1686038580000,2.5e-07,2.5e-07,2.5e-07,2.5e-07,0.0019998
1686040440000,2.5e-07,2.5e-07,2.5e-07,2.5e-07,0.0014829
1686041220000,2.5e-07,2.5e-07,2.5e-07,2.5e-07,0.0017318
1686044640000,2.5e-07,2.5e-07,2.5e-07,2.5e-07,0.0012083
1686045480000,2.5e-07,2.5e-07,2.5e-07,2.5e-07,0.0019402
1686046080000,2.6e-07,2.6e-07,2.6e-07,2.6e-07,444879774.04445
1686047160000,2.5e-07,2.5e-07,2.5e-07,2.5e-07,0.0015242
1686048180000,2.5e-07,2.5e-07,2.5e-07,2.5e-07,0.0014165
1686049440000,2.5e-07,2.5e-07,2.5e-07,2.5e-07,0.0012824
1686050640000,2.5e-07,2.5e-07,2.5e-07,2.5e-07,0.0019695
1686051780000,2.5e-07,2.5e-07,2.5e-07,2.5e-07,0.0010825
1686052920000,2.5e-07,2.5e-07,2.5e-07,2.5e-07,0.0013159
1686055320000,2.5e-07,2.5e-07,2.5e-07,2.5e-07,0.0018308
1686056160000,2.5e-07,2.5e-07,2.5e-07,2.5e-07,0.001442
1686057060000,2.5e-07,2.5e-07,2.5e-07,2.5e-07,0.0016646
1686058020000,2.5e-07,2.5e-07,2.5e-07,2.5e-07,0.0011157
1686058800000,2.5e-07,2.5e-07,2.5e-07,2.5e-07,0.0013826
1686059820000,2.5e-07,2.5e-07,2.5e-07,2.5e-07,0.0015244
1686060720000,2.5e-07,2.5e-07,2.5e-07,2.5e-07,0.001
1686061620000,2.5e-07,2.5e-07,2.5e-07,2.5e-07,0.0011836
1686062640000,2.5e-07,2.5e-07,2.5e-07,2.5e-07,0.0010884
1686063180000,2.6e-07,2.6e-07,2.6e-07,2.6e-07,204679149.388384
1686064140000,2.5e-07,2.5e-07,2.5e-07,2.5e-07,0.0017545
1686065400000,2.5e-07,2.5e-07,2.5e-07,2.5e-07,0.0018088
1686065880000,2.6e-07,2.6e-07,2.6e-07,2.6e-07,0.0017476
1686066660000,2.5e-07,2.5e-07,2.5e-07,2.5e-07,0.0012771
1686067800000,2.5e-07,2.5e-07,2.5e-07,2.5e-07,0.0016492
1686068700000,2.5e-07,2.5e-07,2.5e-07,2.5e-07,0.0015231
1686069780000,2.5e-07,2.5e-07,2.5e-07,2.5e-07,0.0014736
1686070560000,2.5e-07,2.5e-07,2.5e-07,2.5e-07,0.0013387
1686083460000,2.5e-07,2.5e-07,2.5e-07,2.5e-07,0.00125928
1686085320000,2.5e-07,2.5e-07,2.5e-07,2.5e-07,0.00178545
1686086940000,2.5e-07,2.5e-07,2.5e-07,2.5e-07,0.00144886
1686088860000,2.5e-07,2.5e-07,2.5e-07,2.5e-07,0.00196314
1686090060000,2.6e-07,2.6e-07,2.6e-07,2.6e-07,847771355.6946228
1686090180000,2.5e-07,2.5e-07,2.5e-07,2.5e-07,0.00103386
1686092880000,2.5e-07,2.5e-07,2.5e-07,2.5e-07,0.00184518
1686096000000,2.6e-07,2.6e-07,2.6e-07,2.6e-07,0.00146387
1686097620000,2.5e-07,2.5e-07,2.5e-07,2.5e-07,0.00163316
1686097680000,2.7e-07,2.7e-07,2.7e-07,2.7e-07,5653846.15384611
1686099180000,2.5e-07,2.5e-07,2.5e-07,2.5e-07,0.00187118
1686100620000,2.5e-07,2.5e-07,2.5e-07,2.5e-07,0.00163021
1686102360000,2.5e-07,2.5e-07,2.5e-07,2.5e-07,0.00153891
1686104100000,2.5e-07,2.5e-07,2.5e-07,2.5e-07,0.00140524
1686106200000,2.6e-07,2.6e-07,2.6e-07,2.6e-07,850627317.9218132
1686106320000,2.6e-07,2.6e-07,2.6e-07,2.6e-07,109179989.772999
1686106500000,2.6e-07,2.6e-07,2.6e-07,2.6e-07,850546593.9043438
1686106740000,2.6e-07,2.6e-07,2.6e-07,2.6e-07,175914340.29423
1686107520000,2.5e-07,2.5e-07,2.5e-07,2.5e-07,0.00116793
1686109020000,2.6e-07,2.6e-07,2.6e-07,2.6e-07,0.00159069
1686110100000,2.6e-07,2.6e-07,2.6e-07,2.6e-07,0.00127523
1686110520000,2.7e-07,2.7e-07,2.7e-07,2.7e-07,0.00132519
1686110940000,2.6e-07,2.5e-07,2.6e-07,2.5e-07,1000000.0
1686111000000,2.6e-07,2.6e-07,2.6e-07,2.6e-07,121346551.916339
1686111960000,2.5e-07,2.5e-07,2.5e-07,2.5e-07,0.00182821
1686112740000,2.5e-07,2.5e-07,2.5e-07,2.5e-07,0.00136866
1686113640000,2.5e-07,2.5e-07,2.5e-07,2.5e-07,0.00183305
1686114960000,2.5e-07,2.5e-07,2.5e-07,2.5e-07,0.00136267
1686115860000,2.5e-07,2.5e-07,2.5e-07,2.5e-07,0.00125199
1686117480000,2.5e-07,2.5e-07,2.5e-07,2.5e-07,0.00165222
1686118320000,2.5e-07,2.5e-07,2.5e-07,2.5e-07,0.00179026
1686119340000,2.5e-07,2.5e-07,2.5e-07,2.5e-07,0.00188384
1686120540000,2.5e-07,2.5e-07,2.5e-07,2.5e-07,0.00186152
1686121320000,2.5e-07,2.5e-07,2.5e-07,2.5e-07,0.00134284
1686122220000,2.5e-07,2.5e-07,2.5e-07,2.5e-07,0.00100724
1686123180000,2.5e-07,2.5e-07,2.5e-07,2.5e-07,0.00162639
1686124140000,2.5e-07,2.5e-07,2.5e-07,2.5e-07,0.00155158
1686125160000,2.5e-07,2.5e-07,2.5e-07,2.5e-07,0.00141628
1686126060000,2.5e-07,2.5e-07,2.5e-07,2.5e-07,0.00126292
1686127020000,2.5e-07,2.5e-07,2.5e-07,2.5e-07,0.00144179
1686127980000,2.5e-07,2.5e-07,2.5e-07,2.5e-07,0.00171401
1686129240000,2.5e-07,2.5e-07,2.5e-07,2.5e-07,0.00121055
1686129960000,2.5e-07,2.5e-07,2.5e-07,2.5e-07,0.00165422
1686130980000,2.5e-07,2.5e-07,2.5e-07,2.5e-07,0.00111645
1686132420000,2.5e-07,2.5e-07,2.5e-07,2.5e-07,0.00116057
1686133380000,2.5e-07,2.5e-07,2.5e-07,2.5e-07,0.00140063
1686134340000,2.5e-07,2.5e-07,2.5e-07,2.5e-07,0.00107845
1686135540000,2.5e-07,2.5e-07,2.5e-07,2.5e-07,0.00181154
1686136680000,2.5e-07,2.5e-07,2.5e-07,2.5e-07,0.00126608
1686137760000,2.5e-07,2.5e-07,2.5e-07,2.5e-07,0.00173971
1686138840000,2.5e-07,2.5e-07,2.5e-07,2.5e-07,0.0012176
1686140040000,2.5e-07,2.5e-07,2.5e-07,2.5e-07,0.00160053
1686141060000,2.5e-07,2.5e-07,2.5e-07,2.5e-07,0.00102772
1686142140000,2.5e-07,2.5e-07,2.5e-07,2.5e-07,0.00194975
1686143160000,2.5e-07,2.5e-07,2.5e-07,2.5e-07,0.00132743
1686144120000,2.5e-07,2.5e-07,2.5e-07,2.5e-07,0.00191395
1686145080000,2.5e-07,2.5e-07,2.5e-07,2.5e-07,0.00175937
1686145500000,2.6e-07,2.6e-07,2.6e-07,2.6e-07,0.001
1686145560000,2.5e-07,2.5e-07,2.5e-07,2.5e-07,19282251.57357883
1686146640000,2.5e-07,2.5e-07,2.5e-07,2.5e-07,0.00178657
1686147660000,2.5e-07,2.5e-07,2.5e-07,2.5e-07,0.00193352
1686148800000,2.5e-07,2.5e-07,2.5e-07,2.5e-07,0.00120602
1686149880000,2.5e-07,2.5e-07,2.5e-07,2.5e-07,0.00112719
1686150900000,2.5e-07,2.5e-07,2.5e-07,2.5e-07,0.00179122
1686151680000,2.5e-07,2.5e-07,2.5e-07,2.5e-07,0.00185956
1686152220000,2.6e-07,2.6e-07,2.6e-07,2.6e-07,0.00135603
1686153180000,2.5e-07,2.5e-07,2.5e-07,2.5e-07,0.00166755
1686154140000,2.6e-07,2.6e-07,2.6e-07,2.6e-07,0.001
1686155160000,2.5e-07,2.5e-07,2.5e-07,2.5e-07,628875524.5236831
1686155220000,2.4e-07,2.4e-07,2.4e-07,2.4e-07,466352.889823
1686155520000,2.5e-07,2.5e-07,2.5e-07,2.5e-07,0.00158796
1686156780000,2.4e-07,2.4e-07,2.4e-07,2.4e-07,0.00161032
1686158280000,2.4e-07,2.4e-07,2.4e-07,2.4e-07,0.00118933
1686159660000,2.4e-07,2.4e-07,2.4e-07,2.4e-07,0.00189285
1686161460000,2.4e-07,2.4e-07,2.4e-07,2.4e-07,0.00190488
1686162600000,2.4e-07,2.4e-07,2.4e-07,2.4e-07,0.00129059
1686163920000,2.4e-07,2.4e-07,2.4e-07,2.4e-07,0.00112266
1686166980000,2.4e-07,2.4e-07,2.4e-07,2.4e-07,0.00192975
1686168720000,2.4e-07,2.4e-07,2.4e-07,2.4e-07,0.00123342
1686170400000,2.4e-07,2.4e-07,2.4e-07,2.4e-07,0.00171705
1686173700000,2.4e-07,2.4e-07,2.4e-07,2.4e-07,0.00152386
1686174660000,2.5e-07,2.5e-07,2.5e-07,2.5e-07,6202381.461538
1686174720000,2.5e-07,2.5e-07,2.5e-07,2.5e-07,248095.24
1686174780000,2.6e-07,2.6e-07,2.6e-07,2.6e-07,65357837.139699
1686176520000,2.4e-07,2.4e-07,2.4e-07,2.4e-07,0.00177945
1686179940000,2.4e-07,2.4e-07,2.4e-07,2.4e-07,0.00187339
1686182400000,2.4e-07,2.4e-07,2.4e-07,2.4e-07,0.00158795
1686183000000,2.6e-07,2.6e-07,2.6e-07,2.6e-07,11778846.15384614
1686184860000,2.4e-07,2.4e-07,2.4e-07,2.4e-07,0.00123411
1686186420000,2.5e-07,2.5e-07,2.5e-07,2.5e-07,0.00189414
1686188460000,2.4e-07,2.4e-07,2.4e-07,2.4e-07,0.0015807
1686191160000,2.4e-07,2.4e-07,2.4e-07,2.4e-07,0.00185803
1686192000000,2.4e-07,2.4e-07,2.4e-07,2.4e-07,0.00153538
1686194340000,2.4e-07,2.4e-07,2.4e-07,2.4e-07,0.00143113
1686197700000,2.4e-07,2.4e-07,2.4e-07,2.4e-07,0.0017851
1686199740000,2.4e-07,2.4e-07,2.4e-07,2.4e-07,0.00156786
1686200700000,2.4e-07,2.4e-07,2.4e-07,2.4e-07,0.00140919
1686201720000,2.4e-07,2.4e-07,2.4e-07,2.4e-07,0.00168178
1686202440000,2.4e-07,2.4e-07,2.4e-07,2.4e-07,0.00106575
1686203520000,2.4e-07,2.4e-07,2.4e-07,2.4e-07,0.00141037
1686204540000,2.4e-07,2.4e-07,2.4e-07,2.4e-07,0.00171336
1686205560000,2.4e-07,2.4e-07,2.4e-07,2.4e-07,0.00186001
1686206520000,2.4e-07,2.4e-07,2.4e-07,2.4e-07,0.00138358
1686206880000,2.5e-07,2.5e-07,2.5e-07,2.5e-07,0.001
1686207900000,2.5e-07,2.5e-07,2.5e-07,2.5e-07,0.001
1686209400000,2.4e-07,2.4e-07,2.4e-07,2.4e-07,0.00196339
1686210600000,2.4e-07,2.4e-07,2.4e-07,2.4e-07,0.00123982
1686211740000,2.4e-07,2.4e-07,2.4e-07,2.4e-07,0.00124366
1686212760000,2.5e-07,2.5e-07,2.5e-07,2.5e-07,0.001
1686213780000,2.4e-07,2.4e-07,2.4e-07,2.4e-07,0.00195803
1686214920000,2.4e-07,2.4e-07,2.4e-07,2.4e-07,0.00182084
1686215940000,2.4e-07,2.4e-07,2.4e-07,2.4e-07,0.00129784
1686216900000,2.4e-07,2.4e-07,2.4e-07,2.4e-07,0.00153807
1686217440000,2.6e-07,2.6e-07,2.6e-07,2.6e-07,147913065.0
1686218340000,2.4e-07,2.4e-07,2.4e-07,2.4e-07,0.00134177
1686219180000,2.4e-07,2.4e-07,2.4e-07,2.4e-07,0.0017088
1686220260000,2.4e-07,2.4e-07,2.4e-07,2.4e-07,0.00146163
1686221880000,2.4e-07,2.4e-07,2.4e-07,2.4e-07,0.00170203
1686222720000,2.4e-07,2.4e-07,2.4e-07,2.4e-07,0.00178146
1686223080000,2.5e-07,2.5e-07,2.5e-07,2.5e-07,0.001
1686224220000,2.4e-07,2.4e-07,2.4e-07,2.4e-07,0.00117096
1686224580000,2.5e-07,2.5e-07,2.5e-07,2.5e-07,0.001
1686225720000,2.4e-07,2.4e-07,2.4e-07,2.4e-07,0.00178696
1686226680000,2.4e-07,2.4e-07,2.4e-07,2.4e-07,0.00120687
1686227040000,2.5e-07,2.5e-07,2.5e-07,2.5e-07,0.00158402
1686228060000,2.4e-07,2.4e-07,2.4e-07,2.4e-07,0.00134025
1686229080000,2.4e-07,2.4e-07,2.4e-07,2.4e-07,0.00142665
1686229380000,2.5e-07,2.5e-07,2.5e-07,2.5e-07,0.001
1686230520000,2.4e-07,2.4e-07,2.4e-07,2.4e-07,0.00123357
1686230760000,2.6e-07,2.6e-07,2.6e-07,2.6e-07,6125000.00000003
1686231600000,2.4e-07,2.4e-07,2.4e-07,2.4e-07,0.00172607
1686233520000,2.4e-07,2.4e-07,2.4e-07,2.4e-07,0.00111915
1686234480000,2.4e-07,2.4e-07,2.4e-07,2.4e-07,0.00109618
1686234960000,2.5e-07,2.5e-07,2.5e-07,2.5e-07,0.00146116
1686235980000,2.4e-07,2.4e-07,2.4e-07,2.4e-07,0.00187901
1686237120000,2.4e-07,2.4e-07,2.4e-07,2.4e-07,0.00190368
1686238140000,2.4e-07,2.4e-07,2.4e-07,2.4e-07,0.00159498
1686239340000,2.4e-07,2.4e-07,2.4e-07,2.4e-07,0.00197475
1686240180000,2.4e-07,2.4e-07,2.4e-07,2.4e-07,0.0014167
1686241200000,2.4e-07,2.4e-07,2.4e-07,2.4e-07,87734986.914723
1686241920000,2.4e-07,2.4e-07,2.4e-07,2.4e-07,0.00133152
1686242280000,2.5e-07,2.5e-07,2.5e-07,2.5e-07,0.001
1686243480000,2.4e-07,2.4e-07,2.4e-07,2.4e-07,0.00188981
1686244500000,2.5e-07,2.5e-07,2.5e-07,2.5e-07,0.001
1686244860000,2.3e-07,2.3e-07,2.3e-07,2.3e-07,0.00162814
1686245640000,2.4e-07,2.4e-07,2.4e-07,2.4e-07,0.00136946
1686246840000,2.4e-07,2.4e-07,2.4e-07,2.4e-07,0.00112265
1686247680000,2.4e-07,2.4e-07,2.4e-07,2.4e-07,0.00161373
1686250020000,2.4e-07,2.4e-07,2.4e-07,2.4e-07,0.00115498
1686252900000,2.4e-07,2.4e-07,2.4e-07,2.4e-07,0.00129016
1686252960000,2.4e-07,2.4e-07,2.4e-07,2.4e-07,35653580.98896084
1686255000000,2.3e-07,2.3e-07,2.3e-07,2.3e-07,0.00184152
1686256080000,2.3e-07,2.3e-07,2.3e-07,2.3e-07,0.00158811
1686257460000,2.3e-07,2.3e-07,2.3e-07,2.3e-07,0.0014227
1686258960000,2.3e-07,2.3e-07,2.3e-07,2.3e-07,0.00127273
1686259980000,2.3e-07,2.3e-07,2.3e-07,2.3e-07,0.0011635
1686260280000,2.5e-07,2.5e-07,2.5e-07,2.5e-07,0.00141521
1686261960000,2.3e-07,2.3e-07,2.3e-07,2.3e-07,0.00145405
1686263760000,2.3e-07,2.3e-07,2.3e-07,2.3e-07,0.00121546
1686264900000,2.5e-07,2.5e-07,2.5e-07,2.5e-07,6657608.69565216
1686265680000,2.3e-07,2.3e-07,2.3e-07,2.3e-07,12782608.69565219
1686267000000,2.3e-07,2.3e-07,2.3e-07,2.3e-07,0.00188336
1686267960000,2.4e-07,2.4e-07,2.4e-07,2.4e-07,0.001
1686268080000,2.4e-07,2.4e-07,2.4e-07,2.4e-07,6125000.00000003
1686269040000,2.3e-07,2.3e-07,2.3e-07,2.3e-07,0.00137955
1686272100000,2.4e-07,2.4e-07,2.4e-07,2.4e-07,0.001
1686273480000,2.3e-07,2.3e-07,2.3e-07,2.3e-07,0.00118307
1686274440000,2.4e-07,2.4e-07,2.4e-07,2.4e-07,0.001
1686275040000,2.3e-07,2.3e-07,2.3e-07,2.3e-07,22705549.86019242
1686275520000,2.4e-07,2.4e-07,2.4e-07,2.4e-07,0.001
1686276660000,2.3e-07,2.3e-07,2.3e-07,2.3e-07,0.00100071
1686277320000,2.4e-07,2.4e-07,2.4e-07,2.4e-07,0.001
1686279300000,2.3e-07,2.3e-07,2.3e-07,2.3e-07,0.00155297
1686280620000,2.3e-07,2.3e-07,2.3e-07,2.3e-07,0.00144429
1686280920000,2.4e-07,2.4e-07,2.4e-07,2.4e-07,0.001
1686281940000,2.3e-07,2.3e-07,2.3e-07,2.3e-07,0.00153124
1686282540000,2.4e-07,2.4e-07,2.4e-07,2.4e-07,0.001
1686283500000,2.3e-07,2.3e-07,2.3e-07,2.3e-07,0.0013383
1686283800000,2.4e-07,2.4e-07,2.4e-07,2.4e-07,879755334.0393809
1686284640000,2.3e-07,2.3e-07,2.3e-07,2.3e-07,0.00111477
1686285600000,2.3e-07,2.3e-07,2.3e-07,2.3e-07,0.00144076
1686285960000,2.4e-07,2.4e-07,2.4e-07,2.4e-07,0.001
1686286920000,2.3e-07,2.3e-07,2.3e-07,2.3e-07,0.00135315
1686288000000,2.3e-07,2.3e-07,2.3e-07,2.3e-07,0.00113464
1686288960000,2.3e-07,2.3e-07,2.3e-07,2.3e-07,0.00146857
1686290040000,2.3e-07,2.3e-07,2.3e-07,2.3e-07,0.0014042
1686291420000,2.3e-07,2.3e-07,2.3e-07,2.3e-07,0.00132635
1686292440000,2.3e-07,2.3e-07,2.3e-07,2.3e-07,0.00167349
1686293460000,2.3e-07,2.3e-07,2.3e-07,2.3e-07,0.00101207
1686294540000,2.3e-07,2.3e-07,2.3e-07,2.3e-07,0.00186022
1686295740000,2.3e-07,2.3e-07,2.3e-07,2.3e-07,0.00168651
1686296760000,2.3e-07,2.3e-07,2.3e-07,2.3e-07,0.00196562
1686297780000,2.3e-07,2.3e-07,2.3e-07,2.3e-07,0.0011207
1686298860000,2.3e-07,2.3e-07,2.3e-07,2.3e-07,0.00186471
1686299880000,2.3e-07,2.3e-07,2.3e-07,2.3e-07,0.00107553
1686300840000,2.3e-07,2.3e-07,2.3e-07,2.3e-07,0.00194695
1686301980000,2.3e-07,2.3e-07,2.3e-07,2.3e-07,0.00195959
1686302760000,2.3e-07,2.3e-07,2.3e-07,2.3e-07,0.00112797
1686303900000,2.3e-07,2.3e-07,2.3e-07,2.3e-07,0.00170856
1686304680000,2.3e-07,2.3e-07,2.3e-07,2.3e-07,0.00177067
1686305520000,2.3e-07,2.3e-07,2.3e-07,2.3e-07,0.0013575
1686306600000,2.3e-07,2.3e-07,2.3e-07,2.3e-07,0.00115575
1686307800000,2.5e-07,2.5e-07,2.5e-07,2.5e-07,0.00118711
1686308100000,2.3e-07,2.3e-07,2.3e-07,2.3e-07,12782608.69565219
1686308220000,2.4e-07,2.4e-07,2.4e-07,2.4e-07,12782608.69565216
1686308760000,2.3e-07,2.3e-07,2.3e-07,2.3e-07,22705549.86019242
1686309360000,2.5e-07,2.5e-07,2.5e-07,2.5e-07,6657608.69565216
1686309900000,2.3e-07,2.3e-07,2.3e-07,2.3e-07,12782608.69565219
1686310140000,2.5e-07,2.3e-07,2.5e-07,2.3e-07,14231497.175724842
1686311820000,2.3e-07,2.3e-07,2.3e-07,2.3e-07,0.00177469
1686313500000,2.3e-07,2.3e-07,2.3e-07,2.3e-07,0.00138731
1686314760000,2.3e-07,2.3e-07,2.3e-07,2.3e-07,310923397.0
1686315720000,2.4e-07,2.4e-07,2.4e-07,2.4e-07,0.001811
1686316500000,2.4e-07,2.4e-07,2.4e-07,2.4e-07,0.0018394
1686317220000,2.4e-07,2.4e-07,2.4e-07,2.4e-07,1473405969.9963496
1686317400000,2.4e-07,2.4e-07,2.4e-07,2.4e-07,22705549.86019242
1686319200000,2.3e-07,2.3e-07,2.3e-07,2.3e-07,0.0014884
1686320220000,2.5e-07,2.5e-07,2.5e-07,2.5e-07,0.0018794
1686320280000,2.3e-07,2.3e-07,2.3e-07,2.3e-07,20889105.87137711
1686320580000,2.4e-07,2.4e-07,2.4e-07,2.4e-07,0.0017101
1686320760000,2.3e-07,2.3e-07,2.3e-07,2.3e-07,22705549.86019242
1686321120000,2.5e-07,2.5e-07,2.5e-07,2.5e-07,6657608.69565216
1686321600000,2.4e-07,2.4e-07,2.4e-07,2.4e-07,43594655.73156947
1686321900000,2.4e-07,2.4e-07,2.4e-07,2.4e-07,6657608.69565216
1686322800000,2.5e-07,2.5e-07,2.5e-07,2.5e-07,20889105.87137705
1686323700000,2.5e-07,2.5e-07,2.5e-07,2.5e-07,0.0016176
1686324120000,2.3e-07,2.3e-07,2.3e-07,2.3e-07,0.0011381
1686325140000,2.5e-07,2.5e-07,2.5e-07,2.5e-07,43594655.73156947
1686325320000,2.3e-07,2.3e-07,2.3e-07,2.3e-07,6125000.0
1686326580000,2.3e-07,2.3e-07,2.3e-07,2.3e-07,0.0012485
1686326940000,2.5e-07,2.5e-07,2.5e-07,2.5e-07,0.0011932
1686328200000,2.4e-07,2.4e-07,2.4e-07,2.4e-07,537731242.610123
1686329040000,2.3e-07,2.3e-07,2.3e-07,2.3e-07,0.0010827
1686330120000,2.3e-07,2.3e-07,2.3e-07,2.3e-07,0.0019473
1686330900000,2.4e-07,2.4e-07,2.4e-07,2.4e-07,0.0014961
1686331320000,2.3e-07,2.3e-07,2.3e-07,2.3e-07,0.0018846
1686331920000,2.5e-07,2.5e-07,2.5e-07,2.5e-07,12782608.69565216
1686332940000,2.3e-07,2.3e-07,2.3e-07,2.3e-07,0.0019024
1686333960000,2.4e-07,2.4e-07,2.4e-07,2.4e-07,585302275.821126
1686334800000,2.3e-07,2.3e-07,2.3e-07,2.3e-07,22705549.86019242
1686335700000,2.4e-07,2.4e-07,2.4e-07,2.4e-07,955787173.813795
1686336780000,2.3e-07,2.3e-07,2.3e-07,2.3e-07,0.0019007
1686337980000,2.3e-07,2.3e-07,2.3e-07,2.3e-07,0.001135
1686339000000,2.3e-07,2.3e-07,2.3e-07,2.3e-07,0.0013551
1686340500000,2.3e-07,2.3e-07,2.3e-07,2.3e-07,0.0016187
1686341040000,2.5e-07,2.5e-07,2.5e-07,2.5e-07,14056758.25843334
1686342180000,2.3e-07,2.3e-07,2.3e-07,2.3e-07,0.0019021
1686342240000,2.5e-07,2.5e-07,2.5e-07,2.5e-07,12782608.69565216
1686343500000,2.3e-07,2.3e-07,2.3e-07,2.3e-07,0.0018902
1686345900000,2.3e-07,2.3e-07,2.3e-07,2.3e-07,0.0014285
1686347220000,2.3e-07,2.3e-07,2.3e-07,2.3e-07,0.0011873
1686348300000,2.3e-07,2.3e-07,2.3e-07,2.3e-07,0.001967
1686350160000,2.3e-07,2.3e-07,2.3e-07,2.3e-07,0.0018483
1686352260000,2.3e-07,2.3e-07,2.3e-07,2.3e-07,0.0017004
1686353400000,2.3e-07,2.3e-07,2.3e-07,2.3e-07,0.0015885
1686354420000,2.3e-07,2.3e-07,2.3e-07,2.3e-07,0.0016434
1686355440000,2.3e-07,2.3e-07,2.3e-07,2.3e-07,0.0010495
1686356520000,2.3e-07,2.3e-07,2.3e-07,2.3e-07,0.0012089
1686357600000,2.3e-07,2.3e-07,2.3e-07,2.3e-07,0.0014972
1686358620000,2.3e-07,2.3e-07,2.3e-07,2.3e-07,0.0019048
1686359700000,2.3e-07,2.3e-07,2.3e-07,2.3e-07,0.0019485
1686360780000,2.3e-07,2.3e-07,2.3e-07,2.3e-07,0.0011019
1686361860000,2.3e-07,2.3e-07,2.3e-07,2.3e-07,0.0017789
1686363120000,2.3e-07,2.3e-07,2.3e-07,2.3e-07,0.0019413
1686364320000,2.3e-07,2.3e-07,2.3e-07,2.3e-07,0.0017533
1686365460000,2.3e-07,2.3e-07,2.3e-07,2.3e-07,0.0017562
1686366780000,2.3e-07,2.3e-07,2.3e-07,2.3e-07,0.0014779
1686367860000,2.3e-07,2.3e-07,2.3e-07,2.3e-07,0.0015877
1686368880000,2.3e-07,2.3e-07,2.3e-07,2.3e-07,0.0014579
1686370020000,2.3e-07,2.3e-07,2.3e-07,2.3e-07,0.0016256
1686371100000,2.3e-07,2.3e-07,2.3e-07,2.3e-07,0.0015103
1686371340000,2.3e-07,2.3e-07,2.3e-07,2.3e-07,41767812.63455302
1686371700000,2.3e-07,2.3e-07,2.3e-07,2.3e-07,804862607.718228
1686371880000,2.3e-07,2.3e-07,2.3e-07,2.3e-07,84584052.089355
1686372900000,2.2e-07,2.2e-07,2.2e-07,2.2e-07,0.0018352
1686374040000,2.2e-07,2.2e-07,2.2e-07,2.2e-07,0.001188
1686374820000,2.2e-07,2.2e-07,2.2e-07,2.2e-07,0.0016257
1686375600000,2.4e-07,2.4e-07,2.4e-07,2.4e-07,22871153.81863928
1686375660000,2.2e-07,2.2e-07,2.2e-07,2.2e-07,539358933.018021
1686376800000,2.2e-07,2.2e-07,2.2e-07,2.2e-07,0.0019121
1686376860000,2.2e-07,2.2e-07,2.2e-07,2.2e-07,824277430.9754179
1686376920000,2.2e-07,2.2e-07,2.2e-07,2.2e-07,194685171.0
1686378180000,2.1e-07,2.1e-07,2.1e-07,2.1e-07,0.0018288
1686379020000,2.1e-07,2.1e-07,2.1e-07,2.1e-07,0.0010378
1686379500000,2.2e-07,2.2e-07,2.2e-07,2.2e-07,0.0018812
1686380760000,2.1e-07,2.1e-07,2.1e-07,2.1e-07,0.0013622
1686381720000,2.1e-07,2.1e-07,2.1e-07,2.1e-07,0.0012995
1686382620000,2.1e-07,2.1e-07,2.1e-07,2.1e-07,0.0019223
1686383040000,2.2e-07,2.2e-07,2.2e-07,2.2e-07,0.0019968
1686384000000,2.1e-07,2.1e-07,2.1e-07,2.1e-07,0.0016385
1686385260000,2.1e-07,2.1e-07,2.1e-07,2.1e-07,0.0012969
1686385620000,2.2e-07,2.2e-07,2.2e-07,2.2e-07,0.0017881
1686386220000,2.1e-07,2e-07,2.1e-07,2e-07,25049358.94043911
1686387600000,2e-07,2e-07,2e-07,2e-07,854120298.538468
1686389160000,2e-07,2e-07,2e-07,2e-07,0.0016696
1686390540000,2e-07,2e-07,2e-07,2e-07,0.0010894
1686391740000,2e-07,2e-07,2e-07,2e-07,0.0015424
1686391860000,2.2e-07,2.2e-07,2.2e-07,2.2e-07,8750000.0
1686392820000,2e-07,2e-07,2e-07,2e-07,0.0010088
1686393900000,2e-07,2e-07,2e-07,2e-07,0.0015888
1686395040000,2e-07,2e-07,2e-07,2e-07,0.0011855
1686396180000,2e-07,2e-07,2e-07,2e-07,0.0014013
1686397560000,2e-07,2e-07,2e-07,2e-07,0.0010177
1686398640000,2e-07,2e-07,2e-07,2e-07,0.001081
1686399960000,2e-07,2e-07,2e-07,2e-07,0.0014769
1686401100000,2e-07,2e-07,2e-07,2e-07,0.0019075
1686403980000,2e-07,2e-07,2e-07,2e-07,0.0010481
1686404760000,2e-07,2e-07,2e-07,2e-07,0.0019877
1686405180000,2.2e-07,2.2e-07,2.2e-07,2.2e-07,0.001483
1686406260000,2e-07,2e-07,2e-07,2e-07,16704545.45454547
1686407340000,2.1e-07,2.1e-07,2.1e-07,2.1e-07,0.0013372
1686407760000,2.1e-07,2.1e-07,2.1e-07,2.1e-07,1039509743.593039
1686409320000,2e-07,2e-07,2e-07,2e-07,0.0011871
1686410520000,2.1e-07,2.1e-07,2.1e-07,2.1e-07,0.0010158
1686410820000,2e-07,2e-07,2e-07,2e-07,0.0011407
1686412080000,2.2e-07,2.2e-07,2.2e-07,2.2e-07,0.0013563
1686412140000,2.1e-07,2.1e-07,2.1e-07,2.1e-07,986555831.083023
1686412500000,2e-07,2e-07,2e-07,2e-07,0.0016363
1686413580000,2.2e-07,2.2e-07,2.2e-07,2.2e-07,16704545.4545455
1686414480000,2.1e-07,2.1e-07,2.1e-07,2.1e-07,0.0014268
1686416100000,2.1e-07,2.1e-07,2.1e-07,2.1e-07,0.0017317
1686416460000,2e-07,2e-07,2e-07,2e-07,0.0019115
1686417300000,2.1e-07,2.1e-07,2.1e-07,2.1e-07,0.0016626
1686417660000,2e-07,2e-07,2e-07,2e-07,0.001602
1686418080000,2.1e-07,2.1e-07,2.1e-07,2.1e-07,815523211.24602
1686418920000,2.1e-07,2.1e-07,2.1e-07,2.1e-07,1042049801.61605
1686423960000,2.2e-07,2.2e-07,2.2e-07,2.2e-07,0.0011825
1686424740000,2.2e-07,2.1e-07,2.2e-07,2.1e-07,660354867.0016382
1686426180000,2.1e-07,2.1e-07,2.1e-07,2.1e-07,263252609.0952381
1686426600000,2e-07,2e-07,2e-07,2e-07,0.0017953
1686427740000,2.1e-07,2.1e-07,2.1e-07,2.1e-07,0.0013951
1686428100000,2.1e-07,2.1e-07,2.1e-07,2.1e-07,263147308.0564849
1686428160000,2.1e-07,2.1e-07,2.1e-07,2.1e-07,0.0010322
1686429600000,2e-07,2e-07,2e-07,2e-07,0.0017981
1686432120000,2e-07,2e-07,2e-07,2e-07,0.0013581
1686433980000,2e-07,2e-07,2e-07,2e-07,0.0018235
1686435540000,2e-07,2e-07,2e-07,2e-07,0.0011571
1686438240000,2e-07,2e-07,2e-07,2e-07,0.0011868
1686440340000,2e-07,2e-07,2e-07,2e-07,0.0014456
1686443280000,2e-07,2e-07,2e-07,2e-07,0.0018743
1686444600000,2e-07,2e-07,2e-07,2e-07,0.0014509
1686446820000,2e-07,2e-07,2e-07,2e-07,0.0015921
1686450300000,2e-07,2e-07,2e-07,2e-07,0.0014314
1686454620000,2e-07,2e-07,2e-07,2e-07,0.0018854
1686455100000,2.2e-07,2.3e-07,2.3e-07,2.2e-07,372544254.0326672
1686455160000,2.2e-07,2.2e-07,2.2e-07,2.2e-07,129640357.0
1686456600000,2.1e-07,2.1e-07,2.1e-07,2.1e-07,0.0013919
1686457440000,2.1e-07,2.1e-07,2.1e-07,2.1e-07,0.0014929
1686458940000,2.1e-07,2.1e-07,2.1e-07,2.1e-07,0.0018414
1686460080000,2.1e-07,2.1e-07,2.1e-07,2.1e-07,0.0011023
1686461160000,2.1e-07,2.1e-07,2.1e-07,2.1e-07,0.0015007
1686462240000,2.1e-07,2.1e-07,2.1e-07,2.1e-07,0.0014405
1686463680000,2.1e-07,2.1e-07,2.1e-07,2.1e-07,0.0014909
1686465180000,2.1e-07,2.1e-07,2.1e-07,2.1e-07,0.00138082
1686466020000,2.1e-07,2.1e-07,2.1e-07,2.1e-07,0.00123305
1686467160000,2.1e-07,2.1e-07,2.1e-07,2.1e-07,0.00192231
1686468120000,2.1e-07,2.1e-07,2.1e-07,2.1e-07,0.0010796
1686469200000,2.3e-07,2.3e-07,2.3e-07,2.3e-07,207421522.0
1686469980000,2.2e-07,2.2e-07,2.2e-07,2.2e-07,0.00183039
1686470760000,2.4e-07,2.4e-07,2.4e-07,2.4e-07,0.00184697
1686471300000,2.2e-07,2.2e-07,2.2e-07,2.2e-07,30624999.99999997
1686472380000,2.4e-07,2.4e-07,2.4e-07,2.4e-07,0.0011243
1686472800000,2.2e-07,2.2e-07,2.2e-07,2.2e-07,0.0012774
1686473940000,2.2e-07,2.2e-07,2.2e-07,2.2e-07,0.0015526
1686474360000,2.4e-07,2.4e-07,2.4e-07,2.4e-07,0.0014042
1686475620000,2.3e-07,2.3e-07,2.3e-07,2.3e-07,0.00176519
1686476040000,2.3e-07,2.3e-07,2.3e-07,2.3e-07,45956942.99865955
1686476160000,2.4e-07,2.4e-07,2.4e-07,2.4e-07,0.0013799
1686477300000,2.2e-07,2.2e-07,2.2e-07,2.2e-07,0.0013359
1686477780000,2.3e-07,2.3e-07,2.3e-07,2.3e-07,10000000.0
1686477960000,2.3e-07,2.3e-07,2.3e-07,2.3e-07,20618875.00127799
1686478500000,2.4e-07,2.4e-07,2.4e-07,2.4e-07,6657608.69565216
1686479400000,2.2e-07,2.2e-07,2.2e-07,2.2e-07,0.0010689
1686479760000,2.4e-07,2.4e-07,2.4e-07,2.4e-07,0.0014301
1686480840000,2.2e-07,2.2e-07,2.2e-07,2.2e-07,0.0017163
1686481860000,2.2e-07,2.2e-07,2.2e-07,2.2e-07,0.0012352
1686483360000,2.2e-07,2.2e-07,2.2e-07,2.2e-07,0.0017128
1686484200000,2.2e-07,2.2e-07,2.2e-07,2.2e-07,0.0017396
1686484980000,2.2e-07,2.2e-07,2.2e-07,2.2e-07,0.0011627
1686485700000,2.4e-07,2.4e-07,2.4e-07,2.4e-07,7262845.84980235
1686486840000,2.2e-07,2.2e-07,2.2e-07,2.2e-07,0.001961
1686487860000,2.2e-07,2.2e-07,2.2e-07,2.2e-07,0.0017662
